name,relation,bfs_nummer,bezirksnummer,kantonsnummer,iou,area_diff_pct,hausdorff_distance,symmetric_diff_pct,swisstopo_area,osm_area,geom_type
Adliswil,,131,106,1,,,,,,,
Rheinwald,,3714,1851,18,,,,,,,
Grens,,5722,2228,22,,,,,,,
Val Terbi,,6730,2601,26,,,,,,,
Windisch,,4123,1904,19,,,,,,,
Pleigne,,6719,2601,26,,,,,,,
Risch,,1707,,9,,,,,,,
Zeihen,,4183,1906,19,,,,,,,
Vucherens,,5692,2222,22,,,,,,,
Roche (VD),,5413,2221,22,,,,,,,
Schönenwerd,,2583,1108,11,,,,,,,
Corcelles-près-Payerne,,5816,2222,22,,,,,,,
Reinach (AG),,4141,1905,19,,,,,,,
Missy,,5821,2222,22,,,,,,,
Düdingen,,2293,1006,10,,,,,,,
Montpreveyres,,5792,2226,22,,,,,,,
Schattdorf,,1213,,4,,,,,,,
Gachnang,,4571,2012,20,,,,,,,
Treytorrens (Payerne),,5828,2222,22,,,,,,,
Chavannes-des-Bois,,5708,2228,22,,,,,,,
Horn,,4421,2011,20,,,,,,,
Arni (BE),,602,246,2,,,,,,,
Morlon,,2143,1003,10,,,,,,,
Saubraz,,5437,2227,22,,,,,,,
Berlingen,,4801,2012,20,,,,,,,
Münsingen,,616,246,2,,,,,,,
Falera,,3572,1850,18,,,,,,,
Marsens,,2140,1003,10,,,,,,,
L'Isle,,5486,2227,22,,,,,,,
Wuppenau,,4791,2015,20,,,,,,,
Wynigen,,424,245,2,,,,,,,
Fisibach,,4306,1911,19,,,,,,,
Tentlingen,,2307,1006,10,,,,,,,
Unterengstringen,,249,111,1,,,,,,,
Wiggiswil,,553,246,2,,,,,,,
Crans-Montana,,6253,2311,23,,,,,,,
Root,,1065,312,3,,,,,,,
Seon,,4209,1907,19,,,,,,,
Kloten,,62,103,1,,,,,,,
Lantsch/Lenz,,3513,1841,18,,,,,,,
Brunegg,,4193,1907,19,,,,,,,
Sissach,,2861,1304,13,,,,,,,
Ammerswil,,4191,1907,19,,,,,,,
Le Noirmont,,6754,2602,26,,,,,,,
Crassier,,5714,2228,22,,,,,,,
La Baroche,,6810,2603,26,,,,,,,
Meyrin,,6630,,25,,,,,,,
Veltheim (AG),,4120,1904,19,,,,,,,
Suscévaz,,5930,2224,22,,,,,,,
Endingen,,4305,1911,19,,,,,,,
Morschach,,1366,506,5,,,,,,,
Gränichen,,4006,1901,19,,,,,,,
Cheseaux-sur-Lausanne,,5582,2225,22,,,,,,,
Mont-Tramelan,,437,241,2,,,,,,,
Buckten,,2843,1304,13,,,,,,,
Nidau,,743,242,2,,,,,,,
Staffelbach,,4284,1910,19,,,,,,,
Grenchen,,2546,1107,11,,,,,,,
Rüttenen,,2555,1107,11,,,,,,,
Magliaso,,5193,2105,21,,,,,,,
Eschenbach (SG),,3342,1726,17,,,,,,,
Winterthur,,230,110,1,,,,,,,
Bercher,,5512,2223,22,,,,,,,
Saint-Martin (FR),,2335,1007,10,,,,,,,
Güttingen,,4656,2013,20,,,,,,,
Benken (SG),,3312,1726,17,,,,,,,
Dully,,5855,2228,22,,,,,,,
Forel (Lavaux),,5604,2226,22,,,,,,,
Liedertswil,,2890,1305,13,,,,,,,
Terre di Pedemonte,,5396,2104,21,,,,,,,
Laupen,,667,246,2,,,,,,,
Echarlens,,2131,1003,10,,,,,,,
Bedano,,5148,2105,21,,,,,,,
Erschwil,,2615,1110,11,,,,,,,
Mézières (FR),,2087,1002,10,,,,,,,
Schaffhausen,,2939,1403,14,,,,,,,
Quarten,,3295,1725,17,,,,,,,
Hergiswil (NW),,1507,,7,,,,,,,
Frauenkappelen,,663,246,2,,,,,,,
Amden,,3311,1726,17,,,,,,,
Gansingen,,4164,1906,19,,,,,,,
Orny,,5493,2227,22,,,,,,,
Künten,,4031,1902,19,,,,,,,
Leutwil,,4138,1905,19,,,,,,,
Walliswil bei Wangen,,991,244,2,,,,,,,
Baulmes,,5745,2224,22,,,,,,,
Sion,,6266,2312,23,,,,,,,
Langrickenbach,,4681,2013,20,,,,,,,
Oensingen,,2407,1101,11,,,,,,,
Titterten,,2894,1305,13,,,,,,,
Unterlunkhofen,,4079,1903,19,,,,,,,
Rechthalten,,2301,1006,10,,,,,,,
Aeschi (SO),,2511,1106,11,,,,,,,
Cortaillod,,6408,,24,,,,,,,
Mumpf,,4255,1909,19,,,,,,,
Dietwil,,4231,1908,19,,,,,,,
Flumenthal,,2545,1107,11,,,,,,,
Davos,,3851,1849,18,,,,,,,
Pieterlen,,392,242,2,,,,,,,
Küttigen,,4008,1901,19,,,,,,,
Mont-Vully,,2284,1005,10,,,,,,,
Mammern,,4826,2012,20,,,,,,,
Vufflens-le-Château,,5653,2227,22,,,,,,,
Tolochenaz,,5649,2227,22,,,,,,,
Avegno Gordevio,,5324,2108,21,,,,,,,
Braunau,,4723,2014,20,,,,,,,
Champéry,,6151,2308,23,,,,,,,
Acquarossa,,5048,2102,21,,,,,,,
Inwil,,1033,313,3,,,,,,,
Bernex,,6607,,25,,,,,,,
Commugny,,5711,2228,22,,,,,,,
Wiesendangen,,298,110,1,,,,,,,
Yvonand,,5939,2224,22,,,,,,,
Benken (ZH),,22,102,1,,,,,,,
Cornaux,,6451,,24,,,,,,,
Hirschthal,,4007,1901,19,,,,,,,
Essertines-sur-Yverdon,,5520,2223,22,,,,,,,
Rottenschwil,,4238,1908,19,,,,,,,
Boussens,1684865,5473,2223,22,0.9999941769786576,0.00023157833279610518,0.017,0.0005823031553561992,3156144.8304574704,3156137.5215098914,MultiPolygon
Ramsen,,2963,1405,14,,,,,,,
Rolle,,5861,2228,22,,,,,,,
Mandach,,4105,1904,19,,,,,,,
Altdorf (UR),,1201,,4,,,,,,,
Gampel-Bratsch,,6118,2306,23,,,,,,,
Oulens-sous-Echallens,,5529,2223,22,,,,,,,
Kaisten,,4169,1906,19,,,,,,,
Trub,,908,245,2,,,,,,,
Pohlern,,936,247,2,,,,,,,
Hinwil,,117,105,1,,,,,,,
Blatten,,6192,2309,23,,,,,,,
Ringgenberg (BE),,590,250,2,,,,,,,
Dürnten,,113,105,1,,,,,,,
Montilliez,,5540,2223,22,,,,,,,
Deitingen,,2516,1106,11,,,,,,,
Arlesheim,,2763,1301,13,,,,,,,
Eggerberg,,6004,2301,23,,,,,,,
Siglistorf,,4319,1911,19,,,,,,,
Bardonnex,,6605,,25,,,,,,,
Bettlach,,2543,1107,11,,,,,,,
Boécourt,,6702,2601,26,,,,,,,
Le Cerneux-Péquignot,,6434,,24,,,,,,,
Port-Valais,,6154,2308,23,,,,,,,
Chavannes-sur-Moudon,,5665,2222,22,,,,,,,
Oberdiessbach,,619,246,2,,,,,,,
Rain,,1037,313,3,,,,,,,
Stadel,,100,104,1,,,,,,,
Abtwil,,4221,1908,19,,,,,,,
Thayngen,,2920,1402,14,,,,,,,
Serravalle,,5050,2102,21,,,,,,,
Giornico,,5073,2103,21,,,,,,,
Thal,,3237,1722,17,,,,,,,
Ursenbach,,344,244,2,,,,,,,
Bofflens,,5747,2224,22,,,,,,,
Saint-Livres,,5435,2227,22,,,,,,,
Lohn (SH),,2917,1402,14,,,,,,,
Auswil,,322,244,2,,,,,,,
Ursins,,5932,2224,22,,,,,,,
Hettlingen,,221,110,1,,,,,,,
Neckertal,,3396,1727,17,,,,,,,
Trun,,3987,1850,18,,,,,,,
Grosswangen,,1086,314,3,,,,,,,
Härkingen,,2402,1101,11,,,,,,,
Degersheim,,3401,1728,17,,,,,,,
Klosters,,3871,1849,18,,,,,,,
Trogen,,3025,1502,15,,,,,,,
Lützelflüh,,955,245,2,,,,,,,
Grosshöchstetten,,608,246,2,,,,,,,
Démoret,,5912,2224,22,,,,,,,
Lutzenberg,,3033,1503,15,,,,,,,
Rorschacherberg,,3216,1722,17,,,,,,,
Sarmenstorf,,4076,1903,19,,,,,,,
Premier,,5759,2224,22,,,,,,,
Isenthal,,1211,,4,,,,,,,
Kappel am Albis,,6,101,1,,,,,,,
Grandson,,5561,2224,22,,,,,,,
Vully-les-Lacs,,5464,2222,22,,,,,,,
Villigen,,4121,1904,19,,,,,,,
Mellikon,,4314,1911,19,,,,,,,
Vevey,,5890,2230,22,,,,,,,
Hünenberg,,1703,,9,,,,,,,
Eichberg,,3252,1723,17,,,,,,,
Alpthal,,1361,506,5,,,,,,,
Arth,,1362,506,5,,,,,,,
Adligenswil,,1051,312,3,,,,,,,
Zwingen,,2793,1302,13,,,,,,,
Altikon,,211,110,1,,,,,,,
Stetten (AG),,4041,1902,19,,,,,,,
Diegten,,2884,1305,13,,,,,,,
Leuzigen,,388,243,2,,,,,,,
Schwadernau,,748,242,2,,,,,,,
Bellwald,,6052,2304,23,,,,,,,
Valbirse,,717,241,2,,,,,,,
Guttet-Feschel,,6117,2306,23,,,,,,,
Hofstetten bei Brienz,,580,250,2,,,,,,,
Bätterkinden,,533,245,2,,,,,,,
Coppet,,5712,2228,22,,,,,,,
Chiasso,,5250,2106,21,,,,,,,
Lussery-Villars,,5487,2223,22,,,,,,,
Sommeri,,4446,2011,20,,,,,,,
Bülach,,53,103,1,,,,,,,
Schwanden bei Brienz,,592,250,2,,,,,,,
Luins,,5858,2228,22,,,,,,,
Morbio Inferiore,,5257,2106,21,,,,,,,
Berolle,,5424,2227,22,,,,,,,
Vuadens,,2160,1003,10,,,,,,,
Melide,,5198,2105,21,,,,,,,
Saint-Barthélemy (VD),,5535,2223,22,,,,,,,
Saillon,,6140,2307,23,,,,,,,
Blenio,,5049,2102,21,,,,,,,
Aubonne,,5422,2227,22,,,,,,,
Ormont-Dessus,,5411,2221,22,,,,,,,
Bedretto,,5063,2103,21,,,,,,,
Habkern,,579,250,2,,,,,,,
Raperswilen,,4846,2013,20,,,,,,,
Ehrendingen,,4049,1902,19,,,,,,,
La Neuveville,,723,241,2,,,,,,,
Heiligenschwendi,,927,247,2,,,,,,,
Les Planchettes,,6422,,24,,,,,,,
Etoy,,5636,2227,22,,,,,,,
Montcherand,,5756,2224,22,,,,,,,
Baden,,4021,1902,19,,,,,,,
Zizers,,3947,1845,18,,,,,,,
Aarburg,,4271,1910,19,,,,,,,
Reitnau,,4281,1910,19,,,,,,,
Chénens,,2177,1004,10,,,,,,,
Freimettigen,,607,246,2,,,,,,,
Turbenthal,,228,110,1,,,,,,,
Horrenbach-Buchen,,932,247,2,,,,,,,
Wartau,,3276,1724,17,,,,,,,
Beckenried,,1501,,7,,,,,,,
Gossau (SG),,3443,1721,17,,,,,,,
Bournens,,5472,2223,22,,,,,,,
Zuzwil (BE),,557,246,2,,,,,,,
Waldkirch,,3444,1721,17,,,,,,,
Signau,,907,245,2,,,,,,,
Burgdorf,,404,245,2,,,,,,,
Bullet,,5552,2224,22,,,,,,,
Ermatingen,,4646,2013,20,,,,,,,
Thun,,942,247,2,,,,,,,
Linden,,614,246,2,,,,,,,
Embrach,,56,103,1,,,,,,,
Böztal,,4185,1906,19,,,,,,,
Seehof,,709,241,2,,,,,,,
Laconnex,,6627,,25,,,,,,,
Bretigny-sur-Morrens,,5515,2223,22,,,,,,,
Péry-La Heutte,,450,241,2,,,,,,,
Mendrisio,,5254,2106,21,,,,,,,
Uesslingen-Buch,,4616,2012,20,,,,,,,
Collombey-Muraz,,6152,2308,23,,,,,,,
Münchwilen (AG),,4172,1906,19,,,,,,,
Faido,,5072,2103,21,,,,,,,
Mümliswil-Ramiswil,,2428,1102,11,,,,,,,
Bovernier,,6131,2307,23,,,,,,,
Aigle,,5401,2221,22,,,,,,,
Randa,,6287,2313,23,,,,,,,
Coeuve,,6781,2603,26,,,,,,,
Lengnau (BE),,387,242,2,,,,,,,
La Praz,,5758,2224,22,,,,,,,
Fully,,6133,2307,23,,,,,,,
Echichens,,5634,2227,22,,,,,,,
Steckborn,,4864,2012,20,,,,,,,
Hefenhofen,,4416,2011,20,,,,,,,
Vuisternens-devant-Romont,,2113,1002,10,,,,,,,
Kriegstetten,,2525,1106,11,,,,,,,
Dägerlen,,214,110,1,,,,,,,
Vaux-sur-Morges,,5650,2227,22,,,,,,,
Vordemwald,,4287,1910,19,,,,,,,
Rapperswil-Jona,,3340,1726,17,,,,,,,
Wisen (SO),,2502,1105,11,,,,,,,
Corsier-sur-Vevey,,5884,2230,22,,,,,,,
Holziken,,4136,1905,19,,,,,,,
Erlinsbach (SO),,2503,1105,11,,,,,,,
La Rippe,,5726,2228,22,,,,,,,
Bönigen,,572,250,2,,,,,,,
Ogens,,5680,2223,22,,,,,,,
Cama,,3831,1847,18,,,,,,,
Niederweningen,,91,104,1,,,,,,,
Steinach,,3217,1722,17,,,,,,,
La Côte-aux-Fées,,6504,,24,,,,,,,
Bubikon,,112,105,1,,,,,,,
Teuffenthal (BE),,940,247,2,,,,,,,
Le Vaud,,5731,2228,22,,,,,,,
Reinach (BL),,2773,1301,13,,,,,,,
Presinge,,6635,,25,,,,,,,
Olten,,2581,1108,11,,,,,,,
Seedorf (UR),,1214,,4,,,,,,,
Uerkheim,,4286,1910,19,,,,,,,
Flaach,,28,102,1,,,,,,,
Teufen (AR),,3024,1502,15,,,,,,,
Münsterlingen,,4691,2013,20,,,,,,,
Stettlen,,358,246,2,,,,,,,
Chêne-Pâquier,,5908,2224,22,,,,,,,
Bürchen,,6193,2309,23,,,,,,,
Château-d'Oex,,5841,2230,22,,,,,,,
Haute-Sorne,,6729,2601,26,,,,,,,
Herznach-Ueken,,4186,1906,19,,,,,,,
Tannay,,5729,2228,22,,,,,,,
Wallisellen,,69,103,1,,,,,,,
Vérossaz,,6220,2310,23,,,,,,,
Itingen,,2849,1304,13,,,,,,,
Engelberg,,1402,,6,,,,,,,
Oppligen,,622,246,2,,,,,,,
Chigny,,5628,2227,22,,,,,,,
Champvent,,5905,2224,22,,,,,,,
Soazza,,3823,1847,18,,,,,,,
Nesslau,,3360,1727,17,,,,,,,
Balm bei Günsberg,,2541,1107,11,,,,,,,
Rüegsau,,956,245,2,,,,,,,
Hauenstein-Ifenthal,,2491,1105,11,,,,,,,
Broc,,2124,1003,10,,,,,,,
Ausserberg,,6191,2309,23,,,,,,,
Niederhelfenschwil,,3423,1728,17,,,,,,,
Buch (SH),,2961,1405,14,,,,,,,
Diessenhofen,,4545,2012,20,,,,,,,
Avully,,6603,,25,,,,,,,
Rohrbachgraben,,339,244,2,,,,,,,
Huttwil,,954,244,2,,,,,,,
Hausen am Albis,,4,101,1,,,,,,,
Staufen,,4210,1907,19,,,,,,,
Känerkinden,,2850,1304,13,,,,,,,
Gempen,,2474,1104,11,,,,,,,
Grandcour,,5817,2222,22,,,,,,,
Safnern,,746,242,2,,,,,,,
Romainmôtier-Envy,,5761,2224,22,,,,,,,
Schleinikon,,98,104,1,,,,,,,
Albula/Alvra,,3542,1841,18,,,,,,,
Trüllikon,,40,102,1,,,,,,,
Dorénaz,,6212,2310,23,,,,,,,
Corminboeuf,,2183,1004,10,,,,,,,
Gottlieben,,4651,2013,20,,,,,,,
Wittnau,,4181,1906,19,,,,,,,
Rapperswil (BE),,310,243,2,,,,,,,
Wäldi,,4701,2013,20,,,,,,,
Speicher,,3023,1502,15,,,,,,,
Andermatt,,1202,,4,,,,,,,
Dardagny,,6620,,25,,,,,,,
Versoix,,6644,,25,,,,,,,
Etagnières,,5521,2223,22,,,,,,,
Hasle bei Burgdorf,,406,245,2,,,,,,,
Paradiso,,5210,2105,21,,,,,,,
Rickenbach (ZH),,225,110,1,,,,,,,
Wegenstetten,,4262,1909,19,,,,,,,
Jens,,738,243,2,,,,,,,
Hallwil,,4197,1907,19,,,,,,,
Bürglen (TG),,4911,2015,20,,,,,,,
Sils im Domleschg,,3640,1851,18,,,,,,,
Merenschwand,,4234,1908,19,,,,,,,
Biberist,,2513,1106,11,,,,,,,
Illgau,,1363,506,5,,,,,,,
Hohenrain,,1032,313,3,,,,,,,
Mesocco,,3822,1847,18,,,,,,,
Ernen,,6056,2304,23,,,,,,,
Confignon,,6618,,25,,,,,,,
Kesswil,,4426,2011,20,,,,,,,
Ormont-Dessous,,5410,2221,22,,,,,,,
Dompierre (VD),,5671,2222,22,,,,,,,
Brusino Arsizio,,5160,2105,21,,,,,,,
Grandval,,694,241,2,,,,,,,
Tavannes,,713,241,2,,,,,,,
Sâles,,2152,1003,10,,,,,,,
Neuheim,,1705,,9,,,,,,,
Oberentfelden,,4010,1901,19,,,,,,,
Stettfurt,,4606,2012,20,,,,,,,
Bosco/Gurin,,5304,2108,21,,,,,,,
Airolo,,5061,2103,21,,,,,,,
Muttenz,,2770,1301,13,,,,,,,
Lignerolle,,5755,2224,22,,,,,,,
Valeyres-sous-Rances,,5763,2224,22,,,,,,,
Oberweningen,,93,104,1,,,,,,,
Epalinges,,5584,2225,22,,,,,,,
Meltingen,,2620,1110,11,,,,,,,
Belfaux,,2175,1004,10,,,,,,,
Seltisberg,,2833,1303,13,,,,,,,
Schinznach,,4125,1904,19,,,,,,,
Orsières,,6034,2303,23,,,,,,,
Givrins,,5720,2228,22,,,,,,,
Givisiez,,2197,1004,10,,,,,,,
Burg im Leimental,,2783,1302,13,,,,,,,
Wangen (SZ),,1349,505,5,,,,,,,
Bubendorf,,2823,1303,13,,,,,,,
Seegräben,,119,105,1,,,,,,,
Kammersrohr,,2549,1107,11,,,,,,,
Essertines-sur-Rolle,,5856,2228,22,,,,,,,
Herbligen,,610,246,2,,,,,,,
Mervelier,,6715,2601,26,,,,,,,
Basadingen-Schlattingen,,4536,2012,20,,,,,,,
Hermance,,6625,,25,,,,,,,
Saulcy,,6722,2601,26,,,,,,,
Böttstein,,4303,1911,19,,,,,,,
Wildberg,,182,108,1,,,,,,,
Hallau,,2971,1406,14,,,,,,,
Wädenswil,,293,106,1,,,,,,,
Kriechenwil,,666,246,2,,,,,,,
Innertkirchen,,784,250,2,,,,,,,
Saint-Gingolph,,6155,2308,23,,,,,,,
Eschenz,,4806,2012,20,,,,,,,
Lohn-Ammannsegg,,2526,1106,11,,,,,,,
Oetwil an der Limmat,,246,111,1,,,,,,,
Brienz (BE),,573,250,2,,,,,,,
Orpund,,744,242,2,,,,,,,
Cottens (FR),,2186,1004,10,,,,,,,
Liestal,,2829,1303,13,,,,,,,
Fehraltorf,,172,108,1,,,,,,,
Gerzensee,,866,246,2,,,,,,,
Zeneggen,,6299,2313,23,,,,,,,
Valeyres-sous-Montagny,,5933,2224,22,,,,,,,
Dachsen,,25,102,1,,,,,,,
Bussy-sur-Moudon,,5663,2222,22,,,,,,,
Islisberg,,4084,1903,19,,,,,,,
Zielebach,,556,245,2,,,,,,,
Rheinfelden,,4258,1909,19,,,,,,,
Eriz,,924,247,2,,,,,,,
Villars-Sainte-Croix,,5651,2229,22,,,,,,,
Avenches,,5451,2222,22,,,,,,,
Rothenthurm,,1370,506,5,,,,,,,
Quinto,,5079,2103,21,,,,,,,
Ried-Brig,,6008,2301,23,,,,,,,
Buchs (AG),,4003,1901,19,,,,,,,
Bulle,,2125,1003,10,,,,,,,
Greppen,,1056,312,3,,,,,,,
Bühl,,734,243,2,,,,,,,
Ruswil,,1098,314,3,,,,,,,
Gaiserwald,,3442,1721,17,,,,,,,
Anniviers,,6252,2311,23,,,,,,,
Corbières,,2129,1003,10,,,,,,,
Porrentruy,,6800,2603,26,,,,,,,
Trin,,3734,1844,18,,,,,,,
Ueberstorf,,2308,1006,10,,,,,,,
Boncourt,,6774,2603,26,,,,,,,
Yens,,5655,2227,22,,,,,,,
Beinwil am See,,4131,1905,19,,,,,,,
Bannwil,,323,244,2,,,,,,,
Muri (AG),,4236,1908,19,,,,,,,
Schmerikon,,3338,1726,17,,,,,,,
Lauterbrunnen,,584,250,2,,,,,,,
Bellikon,,4022,1902,19,,,,,,,
Gams,,3272,1724,17,,,,,,,
Siblingen,,2953,1404,14,,,,,,,
Möriken-Wildegg,,4203,1907,19,,,,,,,
La Sonnaz,,2235,1004,10,,,,,,,
Reigoldswil,,2893,1305,13,,,,,,,
Morrens (VD),,5527,2223,22,,,,,,,
Arni (AG),,4061,1903,19,,,,,,,
Thürnen,,2864,1304,13,,,,,,,
Chexbres,,5601,2226,22,,,,,,,
Fürstenau,,3633,1851,18,,,,,,,
Savièse,,6265,2312,23,,,,,,,
Agarn,,6101,2306,23,,,,,,,
Unterschächen,,1219,,4,,,,,,,
Villars-Epeney,,5935,2224,22,,,,,,,
Grône,,6238,2311,23,,,,,,,
Hüniken,,2524,1106,11,,,,,,,
Sils im Engadin/Segl,,3789,1846,18,,,,,,,
Meierskappel,,1064,312,3,,,,,,,
Sonceboz-Sombeval,,444,241,2,,,,,,,
Chêne-Bougeries,,6612,,25,,,,,,,
Vallon,,2045,1001,10,,,,,,,
Roches (BE),,704,241,2,,,,,,,
Bellevue,,6606,,25,,,,,,,
Champoz,,683,241,2,,,,,,,
Bäretswil,,111,105,1,,,,,,,
Sullens,,5501,2223,22,,,,,,,
Chavornay,,5749,2224,22,,,,,,,
Chêne-Bourg,,6613,,25,,,,,,,
Bursinel,,5852,2228,22,,,,,,,
Trient,,6142,2307,23,,,,,,,
Buchs (SG),,3271,1724,17,,,,,,,
La Tour-de-Peilz,,5889,2230,22,,,,,,,
Tübach,,3218,1722,17,,,,,,,
Stalden (VS),,6293,2313,23,,,,,,,
Thierachern,,941,247,2,,,,,,,
Romont (BE),,442,241,2,,,,,,,
Köniz,,355,246,2,,,,,,,
Churwalden,,3911,1848,18,,,,,,,
Gilly,,5857,2228,22,,,,,,,
Brusio,,3551,1842,18,,,,,,,
Krattigen,,566,249,2,,,,,,,
Thusis,,3668,1851,18,,,,,,,
Riva San Vitale,,5263,2106,21,,,,,,,
Lüscherz,,497,243,2,,,,,,,
Rebstein,,3255,1723,17,,,,,,,
Hausen (AG),,4100,1904,19,,,,,,,
Delémont,,6711,2601,26,,,,,,,
Pfäffikon,,177,108,1,,,,,,,
Rubigen,,623,246,2,,,,,,,
Marchissy,,5430,2228,22,,,,,,,
Disentis/Mustér,,3982,1850,18,,,,,,,
Oberkirch,,1095,314,3,,,,,,,
Birrhard,,4093,1904,19,,,,,,,
Gletterens,,2022,1001,10,,,,,,,
Kleinlützel,,2619,1110,11,,,,,,,
Crans (VD),,5713,2228,22,,,,,,,
Rorbas,,68,103,1,,,,,,,
Reiden,,1140,315,3,,,,,,,
Coinsins,,5710,2228,22,,,,,,,
Martigny,,6136,2307,23,,,,,,,
Oberriet (SG),,3254,1723,17,,,,,,,
Kemmental,,4666,2013,20,,,,,,,
Lauerz,,1365,506,5,,,,,,,
Froideville,,5523,2223,22,,,,,,,
Mauborget,,5562,2224,22,,,,,,,
Binn,,6054,2304,23,,,,,,,
Courtételle,,6710,2601,26,,,,,,,
Schnottwil,,2461,1103,11,,,,,,,
Oberwil-Lieli,,4074,1903,19,,,,,,,
Ronco sopra Ascona,,5125,2104,21,,,,,,,
Lengwil,,4683,2013,20,,,,,,,
Steg-Hohtenn,,6204,2309,23,,,,,,,
Lax,,6061,2304,23,,,,,,,
Wohlenschwil,,4046,1902,19,,,,,,,
Häggenschwil,,3201,1721,17,,,,,,,
Eggersriet,,3212,1721,17,,,,,,,
Belprahon,,681,241,2,,,,,,,
Icogne,,6239,2311,23,,,,,,,
Weiach,,102,104,1,,,,,,,
Landiswil,,613,246,2,,,,,,,
Heimiswil,,407,245,2,,,,,,,
Lonay,,5638,2227,22,,,,,,,
Gsteigwiler,,577,250,2,,,,,,,
Yverdon-les-Bains,,5938,2224,22,,,,,,,
Courchapoix,,6706,2601,26,,,,,,,
Kirchdorf (BE),,872,246,2,,,,,,,
Ballaigues,,5744,2224,22,,,,,,,
Wauwil,,1146,315,3,,,,,,,
Obergoms,,6076,2304,23,,,,,,,
Ried bei Kerzers,,2276,1005,10,,,,,,,
Teufenthal (AG),,4145,1905,19,,,,,,,
Leuk,,6110,2306,23,,,,,,,
Oberuzwil,,3407,1728,17,,,,,,,
Eiken,,4161,1906,19,,,,,,,
Crémines,,691,241,2,,,,,,,
Stabio,,5266,2106,21,,,,,,,
Hittnau,,173,108,1,,,,,,,
Chevilly,,5476,2227,22,,,,,,,
Feuerthalen,,27,102,1,,,,,,,
Rheineck,,3235,1723,17,,,,,,,
Lovatens,,5674,2222,22,,,,,,,
Knonau,,7,101,1,,,,,,,
Niederried bei Interlaken,,588,250,2,,,,,,,
Chardonne,,5882,2230,22,,,,,,,
Wald (ZH),,120,105,1,,,,,,,
Dierikon,,1053,312,3,,,,,,,
Merishausen,,2936,1403,14,,,,,,,
Willisau,,1151,315,3,,,,,,,
Schongau,,1041,313,3,,,,,,,
Lostorf,,2493,1105,11,,,,,,,
Wyssachen,,960,244,2,,,,,,,
Hellikon,,4251,1909,19,,,,,,,
Daillens,,5480,2223,22,,,,,,,
Sauge,,449,241,2,,,,,,,
Corsier (GE),,6619,,25,,,,,,,
Aeschi bei Spiez,,562,249,2,,,,,,,
Schupfart,,4259,1909,19,,,,,,,
Ettiswil,,1128,315,3,,,,,,,
Samnaun,,3752,1843,18,,,,,,,
Mägenwil,,4032,1902,19,,,,,,,
Ennetbaden,,4026,1902,19,,,,,,,
Bière,,5425,2227,22,,,,,,,
Zell (LU),,1150,315,3,,,,,,,
Egolzwil,,1127,315,3,,,,,,,
Santa Maria in Calanca,,3810,1847,18,,,,,,,
Vals,,3603,1850,18,,,,,,,
Nottwil,,1094,314,3,,,,,,,
Egg,,192,109,1,,,,,,,
Urtenen-Schönbühl,,551,246,2,,,,,,,
Bleienbach,,324,244,2,,,,,,,
Prez,,2237,1004,10,,,,,,,
Hochwald,,2475,1104,11,,,,,,,
Grellingen,,2786,1302,13,,,,,,,
Denges,,5632,2227,22,,,,,,,
Amlikon-Bissegg,,4881,2015,20,,,,,,,
Amriswil,,4461,2011,20,,,,,,,
Bünzen,,4229,1908,19,,,,,,,
Vendlincourt,,6806,2603,26,,,,,,,
Echandens,,5633,2227,22,,,,,,,
Fideris,,3861,1849,18,,,,,,,
Attinghausen,,1203,,4,,,,,,,
Renan (BE),,441,241,2,,,,,,,
Emmetten,,1504,,7,,,,,,,
Münchwilen (TG),,4746,2014,20,,,,,,,
Genève,,6621,,25,,,,,,,
Männedorf,,155,107,1,,,,,,,
Henggart,,31,102,1,,,,,,,
Lalden,,6286,2313,23,,,,,,,
Hüntwangen,,61,103,1,,,,,,,
Soubey,,6759,2602,26,,,,,,,
Arbedo-Castione,,5001,2101,21,,,,,,,
Provence,,5566,2224,22,,,,,,,
Chéserex,,5709,2228,22,,,,,,,
Maienfeld,,3953,1845,18,,,,,,,
Romanel-sur-Morges,,5645,2227,22,,,,,,,
Hägendorf,,2579,1108,11,,,,,,,
Stäfa,,158,107,1,,,,,,,
Mutrux,,5563,2224,22,,,,,,,
Uznach,,3339,1726,17,,,,,,,
Lully (FR),,2025,1001,10,,,,,,,
Gonten,,3102,,16,,,,,,,
Welschenrohr-Gänsbrunnen,,2430,1102,11,,,,,,,
Onsernone,,5136,2104,21,,,,,,,
Klingnau,,4309,1911,19,,,,,,,
Ettingen,,2768,1301,13,,,,,,,
Metzerlen-Mariastein,,2477,1104,11,,,,,,,
Egerkingen,,2401,1101,11,,,,,,,
Villars-sur-Glâne,,2228,1004,10,,,,,,,
Wohlen (AG),,4082,1903,19,,,,,,,
Bennwil,,2882,1305,13,,,,,,,
Oberbuchsiten,,2406,1101,11,,,,,,,
Villeret,,448,241,2,,,,,,,
Zwischbergen,,6011,2301,23,,,,,,,
Langenbruck,,2888,1305,13,,,,,,,
Magden,,4253,1909,19,,,,,,,
Donneloye,,5913,2224,22,,,,,,,
Scuol,,3762,1843,18,,,,,,,
Madulain,,3783,1846,18,,,,,,,
Cudrefin,,5456,2222,22,,,,,,,
Orbe,,5757,2224,22,,,,,,,
Puidoux,,5607,2226,22,,,,,,,
Cossonay,,5477,2227,22,,,,,,,
Bretzwil,,2883,1305,13,,,,,,,
Le Pâquier (FR),,2145,1003,10,,,,,,,
Marly,,2206,1004,10,,,,,,,
Hüttwilen,,4821,2012,20,,,,,,,
Luterbach,,2527,1106,11,,,,,,,
Plasselb,,2300,1006,10,,,,,,,
Grancy,,5485,2227,22,,,,,,,
Rüschegg,,853,246,2,,,,,,,
Staldenried,,6294,2313,23,,,,,,,
Collonge-Bellerive,,6616,,25,,,,,,,
Lengnau (AG),,4312,1911,19,,,,,,,
Payerne,,5822,2222,22,,,,,,,
Göschenen,,1208,,4,,,,,,,
Aesch (LU),,1021,313,3,,,,,,,
Wahlen,,2792,1302,13,,,,,,,
Cartigny,,6609,,25,,,,,,,
Lachen,,1344,505,5,,,,,,,
Neuenkirch,,1093,314,3,,,,,,,
Oberhallau,,2972,1406,14,,,,,,,
Grüsch,,3961,1849,18,,,,,,,
Einsiedeln,,1301,501,5,,,,,,,
Dornach,,2473,1104,11,,,,,,,
Tresa,,5239,2105,21,,,,,,,
Derendingen,,2517,1106,11,,,,,,,
Weesen,,3316,1726,17,,,,,,,
Fischbach-Göslikon,,4067,1903,19,,,,,,,
Morges,,5642,2227,22,,,,,,,
Busswil bei Melchnau,,325,244,2,,,,,,,
Sirnach,,4761,2014,20,,,,,,,
Boswil,,4228,1908,19,,,,,,,
Brione sopra Minusio,,5096,2104,21,,,,,,,
Feldbrunnen-St. Niklaus,,2544,1107,11,,,,,,,
Stans,,1509,,7,,,,,,,
Mettmenstetten,,9,101,1,,,,,,,
Orselina,,5121,2104,21,,,,,,,
Niederbipp,,981,244,2,,,,,,,
Lyssach,,415,245,2,,,,,,,
Dörflingen,,2915,1402,14,,,,,,,
Rüeggisberg,,880,246,2,,,,,,,
Escholzmatt-Marbach,,1010,316,3,,,,,,,
Russin,,6637,,25,,,,,,,
Tafers,,2306,1006,10,,,,,,,
Kaiseraugst,,4252,1909,19,,,,,,,
Lufingen,,63,103,1,,,,,,,
Cugy (FR),,2011,1001,10,,,,,,,
Buttwil,,4230,1908,19,,,,,,,
Mettauertal,,4184,1906,19,,,,,,,
Ropraz,,5798,2222,22,,,,,,,
Lyss,,306,243,2,,,,,,,
Flawil,,3402,1728,17,,,,,,,
La Brillaz,,2234,1004,10,,,,,,,
Hospental,,1210,,4,,,,,,,
Chamblon,,5904,2224,22,,,,,,,
Curtilles,,5669,2222,22,,,,,,,
Stammheim,,292,102,1,,,,,,,
Zufikon,,4083,1903,19,,,,,,,
Oberrieden,,137,106,1,,,,,,,
Schönenbuch,,2774,1301,13,,,,,,,
Auenstein,,4091,1904,19,,,,,,,
Willadingen,,423,245,2,,,,,,,
Beatenberg,,571,250,2,,,,,,,
Fribourg,,2196,1004,10,,,,,,,
Eppenberg-Wöschnau,,2574,1108,11,,,,,,,
Crésuz,,2130,1003,10,,,,,,,
Attiswil,,971,244,2,,,,,,,
Remaufens,,2333,1007,10,,,,,,,
Préverenges,,5643,2227,22,,,,,,,
Fischenthal,,114,105,1,,,,,,,
Ligerz,,740,242,2,,,,,,,
La Verrerie,,2338,1007,10,,,,,,,
Les Genevez (JU),,6748,2602,26,,,,,,,
Alto Malcantone,,5237,2105,21,,,,,,,
Ergisch,,6104,2306,23,,,,,,,
Aedermannsdorf,,2421,1102,11,,,,,,,
Arbon,,4401,2011,20,,,,,,,
Châtel-sur-Montsalvens,,2128,1003,10,,,,,,,
Oberbipp,,983,244,2,,,,,,,
Evolène,,6083,2305,23,,,,,,,
Homburg,,4816,2012,20,,,,,,,
Oberburg,,418,245,2,,,,,,,
Eggiwil,,901,245,2,,,,,,,
Lindau,,176,108,1,,,,,,,
Oeschgen,,4175,1906,19,,,,,,,
Kaltbrunn,,3313,1726,17,,,,,,,
Breggia,,5269,2106,21,,,,,,,
Bister,,6172,2309,23,,,,,,,
Bettwil,,4227,1908,19,,,,,,,
Schwarzenburg,,855,246,2,,,,,,,
Hasliberg,,783,250,2,,,,,,,
Wiedlisbach,,995,244,2,,,,,,,
Rüfenach,,4112,1904,19,,,,,,,
Roggwil (BE),,337,244,2,,,,,,,
Rudolfstetten-Friedlisberg,,4075,1903,19,,,,,,,
Matran,,2208,1004,10,,,,,,,
Horriwil,,2523,1106,11,,,,,,,
Soral,,6639,,25,,,,,,,
Bolken,,2514,1106,11,,,,,,,
Bremgarten bei Bern,,353,246,2,,,,,,,
Conters im Prättigau,,3881,1849,18,,,,,,,
Gampelen,,495,243,2,,,,,,,
Steinhausen,,1708,,9,,,,,,,
Erlinsbach (AG),,4005,1901,19,,,,,,,
Wolfenschiessen,,1511,,7,,,,,,,
Oberdorf (SO),,2553,1107,11,,,,,,,
Oberwil (BL),,2771,1301,13,,,,,,,
Trasadingen,,2973,1406,14,,,,,,,
Ferrera,,3713,1851,18,,,,,,,
Silvaplana,,3790,1846,18,,,,,,,
Niederbüren,,3422,1728,17,,,,,,,
Campo (Vallemaggia),,5307,2108,21,,,,,,,
Dallenwil,,1503,,7,,,,,,,
Spiez,,768,249,2,,,,,,,
Soyhières,,6724,2601,26,,,,,,,
Oberglatt,,92,104,1,,,,,,,
Blauen,,2781,1302,13,,,,,,,
Niedermuhlern,,877,246,2,,,,,,,
Tobel-Tägerschen,,4776,2014,20,,,,,,,
Himmelried,1683522,2618,1110,11,0.9999951942712529,7.85500105972812e-05,0.013,0.00048057421817129055,6025069.712063925,6025074.444756823,MultiPolygon
Orzens,,5925,2224,22,,,,,,,
Schüpfheim,,1008,316,3,,,,,,,
Dürrenroth,,952,245,2,,,,,,,
Balsthal,,2422,1102,11,,,,,,,
Rütschelen,,340,244,2,,,,,,,
Stocken-Höfen,,770,247,2,,,,,,,
Leytron,,6135,2307,23,,,,,,,
Lavizzara,,5323,2108,21,,,,,,,
Trimmis,,3945,1845,18,,,,,,,
Büren an der Aare,,383,243,2,,,,,,,
Ardon,,6021,2302,23,,,,,,,
Langnau im Emmental,,902,245,2,,,,,,,
Sempach,,1102,314,3,,,,,,,
Bourrignon,,6703,2601,26,,,,,,,
Pratteln,,2831,1303,13,,,,,,,
Breitenbach,,2613,1110,11,,,,,,,
Sargans,,3296,1725,17,,,,,,,
Schwarzhäusern,,341,244,2,,,,,,,
Rüschlikon,,139,106,1,,,,,,,
Wilen (TG),,4786,2014,20,,,,,,,
Lens,,6240,2311,23,,,,,,,
Lamone,,5189,2105,21,,,,,,,
Schwaderloch,,4176,1906,19,,,,,,,
Rorschach,,3215,1722,17,,,,,,,
Porza,,5214,2105,21,,,,,,,
Gals,,494,243,2,,,,,,,
Grancia,,5186,2105,21,,,,,,,
Schönholzerswilen,,4756,2015,20,,,,,,,
Prangins,,5725,2228,22,,,,,,,
Rumisberg,,987,244,2,,,,,,,
Semsales,,2336,1007,10,,,,,,,
Wolfwil,,2408,1101,11,,,,,,,
Rafz,,67,103,1,,,,,,,
Heimberg,,928,247,2,,,,,,,
Villars-le-Terroir,,5537,2223,22,,,,,,,
Ollon,,5409,2221,22,,,,,,,
Lommiswil,,2551,1107,11,,,,,,,
Lugano,,5192,2105,21,,,,,,,
Collonges,,6211,2310,23,,,,,,,
Hölstein,,2886,1305,13,,,,,,,
Koblenz,,4310,1911,19,,,,,,,
Fieschertal,,6058,2304,23,,,,,,,
Vico Morcote,,5233,2105,21,,,,,,,
Herbetswil,,2424,1102,11,,,,,,,
Goldach,,3213,1722,17,,,,,,,
Neftenbach,,223,110,1,,,,,,,
Volken,,43,102,1,,,,,,,
Tschugg,,501,243,2,,,,,,,
Laténa,,6513,,24,,,,,,,
Pontresina,,3784,1846,18,,,,,,,
Stansstad,,1510,,7,,,,,,,
Nendaz,,6024,2302,23,,,,,,,
Tenniken,,2863,1304,13,,,,,,,
Le Mouret,,2220,1004,10,,,,,,,
Zunzgen,,2869,1304,13,,,,,,,
Gündlischwand,,578,250,2,,,,,,,
Gurbrü,,665,246,2,,,,,,,
Hüttikon,,87,104,1,,,,,,,
Genolier,,5718,2228,22,,,,,,,
Val-de-Ruz,,6487,,24,,,,,,,
Marthalen,,35,102,1,,,,,,,
Würenlingen,,4047,1902,19,,,,,,,
Ferenbalm,,662,246,2,,,,,,,
Felsberg,,3731,1844,18,,,,,,,
Unterkulm,,4146,1905,19,,,,,,,
Suchy,,5929,2224,22,,,,,,,
Mathod,,5919,2224,22,,,,,,,
Wohlen bei Bern,,360,246,2,,,,,,,
Wattenwil,,886,247,2,,,,,,,
Wittenbach,,3204,1721,17,,,,,,,
Vullierens,,5654,2227,22,,,,,,,
Moosseedorf,,544,246,2,,,,,,,
Wil (ZH),,71,103,1,,,,,,,
Haute-Ajoie,,6809,2603,26,,,,,,,
Albinen,,6102,2306,23,,,,,,,
Gächlingen,,2901,1401,14,,,,,,,
Corcelles (BE),,687,241,2,,,,,,,
Freienbach,,1322,503,5,,,,,,,
L'Abbaye,,5871,2224,22,,,,,,,
Furna,,3862,1849,18,,,,,,,
Lotzwil,,331,244,2,,,,,,,
Courchavon,,6783,2603,26,,,,,,,
Neerach,,88,104,1,,,,,,,
Densbüren,,4004,1901,19,,,,,,,
Pomy,,5926,2224,22,,,,,,,
Mühlau,,4235,1908,19,,,,,,,
Vallorbe,,5764,2224,22,,,,,,,
Marbach (SG),,3253,1723,17,,,,,,,
Hemmiken,,2848,1304,13,,,,,,,
Eggenwil,,4066,1903,19,,,,,,,
Kandergrund,,564,249,2,,,,,,,
Zuoz,,3791,1846,18,,,,,,,
Silenen,,1216,,4,,,,,,,
Birr,,4092,1904,19,,,,,,,
Besenbüren,,4226,1908,19,,,,,,,
Burgistein,,863,247,2,,,,,,,
Rueyres,,5534,2223,22,,,,,,,
Medel (Lucmagn),,3983,1850,18,,,,,,,
Cazis,,3661,1851,18,,,,,,,
Hermrigen,,737,243,2,,,,,,,
Ellikon an der Thur,,218,110,1,,,,,,,
Buochs,,1502,,7,,,,,,,
Billens-Hennens,,2063,1002,10,,,,,,,
Ponte Capriasca,,5212,2105,21,,,,,,,
Küsnacht (ZH),,154,107,1,,,,,,,
Chur,,3901,1848,18,,,,,,,
Schänis,,3315,1726,17,,,,,,,
Vétroz,,6025,2302,23,,,,,,,
Brissago,,5097,2104,21,,,,,,,
Bürglen (UR),,1205,,4,,,,,,,
Riemenstalden,,1369,506,5,,,,,,,
Eschert,,692,241,2,,,,,,,
Seftigen,,883,247,2,,,,,,,
Matzingen,,4591,2012,20,,,,,,,
Dottikon,,4065,1903,19,,,,,,,
Oberengstringen,,245,111,1,,,,,,,
Bichelsee-Balterswil,,4721,2014,20,,,,,,,
Nusshof,,2854,1304,13,,,,,,,
Wachseldorn,,946,247,2,,,,,,,
Meienried,,389,243,2,,,,,,,
Moiry,,5490,2227,22,,,,,,,
Vandoeuvres,,6642,,25,,,,,,,
Lichtensteig,,3374,1727,17,,,,,,,
Saas-Balen,,6289,2313,23,,,,,,,
Hagenbuch,,220,110,1,,,,,,,
Nyon,,5724,2228,22,,,,,,,
Gommiswald,,3341,1726,17,,,,,,,
Oltingen,,2855,1304,13,,,,,,,
Diepflingen,,2845,1304,13,,,,,,,
Val Mara,,5240,2105,21,,,,,,,
Céligny,,6610,,25,,,,,,,
Niederhünigen,,617,246,2,,,,,,,
Veytaux,,5891,2230,22,,,,,,,
Celerina/Schlarigna,,3782,1846,18,,,,,,,
Ependes (VD),,5914,2224,22,,,,,,,
Plateau de Diesse,,726,241,2,,,,,,,
Riggisberg,,879,246,2,,,,,,,
Graben,,976,244,2,,,,,,,
Bellinzona,,5002,2101,21,,,,,,,
Cologny,,6617,,25,,,,,,,
Schneisingen,,4318,1911,19,,,,,,,
Doppleschwand,,1001,316,3,,,,,,,
Chavannes-le-Veyron,,5475,2227,22,,,,,,,
Münchenstein,,2769,1301,13,,,,,,,
Prilly,,5589,2229,22,,,,,,,
Stein am Rhein,,2964,1405,14,,,,,,,
Cressier (FR),,2257,1005,10,,,,,,,
Fehren,,2616,1110,11,,,,,,,
Chippis,,6235,2311,23,,,,,,,
Meyriez,,2271,1005,10,,,,,,,
Arosa,,3921,1848,18,,,,,,,
La Chaux-du-Milieu,,6435,,24,,,,,,,
Oeschenbach,,335,244,2,,,,,,,
Küblis,,3882,1849,18,,,,,,,
Plaffeien,,2299,1006,10,,,,,,,
Wünnewil-Flamatt,,2309,1006,10,,,,,,,
Oberhofen am Thunersee,,934,247,2,,,,,,,
Thalheim (AG),,4117,1904,19,,,,,,,
Fontaines-sur-Grandson,,5557,2224,22,,,,,,,
Le Bémont (JU),,6741,2602,26,,,,,,,
Schübelbach,,1346,505,5,,,,,,,
Hohentannen,,4495,2015,20,,,,,,,
Ersigen,,405,245,2,,,,,,,
Deisswil bei Münchenbuchsee,,535,246,2,,,,,,,
Les Ponts-de-Martel,,6437,,24,,,,,,,
Obergösgen,,2497,1105,11,,,,,,,
Wettingen,,4045,1902,19,,,,,,,
Beinwil (Freiamt),,4224,1908,19,,,,,,,
Pregny-Chambésy,,6634,,25,,,,,,,
Eriswil,,953,244,2,,,,,,,
Laax,,3575,1850,18,,,,,,,
Amsoldingen,,921,247,2,,,,,,,
Bütschwil-Ganterschwil,,3395,1727,17,,,,,,,
Tegerfelden,,4320,1911,19,,,,,,,
Meinier,,6629,,25,,,,,,,
Weinfelden,,4946,2015,20,,,,,,,
Basse-Allaine,,6807,2603,26,,,,,,,
Horgen,,295,106,1,,,,,,,
Sattel,,1371,506,5,,,,,,,
Thörigen,,989,244,2,,,,,,,
Moudon,,5678,2222,22,,,,,,,
Isérables,,6134,2307,23,,,,,,,
Troistorrents,,6156,2308,23,,,,,,,
Courgenay,,6784,2603,26,,,,,,,
Bretonnières,,5748,2224,22,,,,,,,
Schleitheim,,2952,1404,14,,,,,,,
Weggis,,1069,312,3,,,,,,,
Cheseaux-Noréaz,,5909,2224,22,,,,,,,
Arnex-sur-Orbe,,5743,2224,22,,,,,,,
Hunzenschwil,,4200,1907,19,,,,,,,
Roggwil (TG),,4431,2011,20,,,,,,,
Schlierbach,,1100,314,3,,,,,,,
Saint-Cergue,,5727,2228,22,,,,,,,
Oberbalm,,357,246,2,,,,,,,
Lupfig,,4104,1904,19,,,,,,,
Freienwil,,4028,1902,19,,,,,,,
Hautemorges,,5656,2227,22,,,,,,,
Cugnasco-Gerra,,5138,2104,21,,,,,,,
Rickenbach (LU),,1097,314,3,,,,,,,
Zofingen,,4289,1910,19,,,,,,,
Gland,,5721,2228,22,,,,,,,
Damphreux-Lugnez,,6811,2603,26,,,,,,,
Oberhof,,4173,1906,19,,,,,,,
Schenkon,,1099,314,3,,,,,,,
Affeltrangen,,4711,2015,20,,,,,,,
Sisikon,,1217,,4,,,,,,,
Ossingen,,37,102,1,,,,,,,
Küssnacht (SZ),,1331,504,5,,,,,,,
Inkwil,,980,244,2,,,,,,,
Häutligen,,609,246,2,,,,,,,
Bettwiesen,,4716,2014,20,,,,,,,
Senarclens,,5499,2227,22,,,,,,,
Salgesch,,6113,2306,23,,,,,,,
Bad Ragaz,,3291,1725,17,,,,,,,
Schwyz,,1372,506,5,,,,,,,
Reichenburg,,1345,505,5,,,,,,,
Loveresse,,696,241,2,,,,,,,
Valsot,,3764,1843,18,,,,,,,
Syens,,5688,2222,22,,,,,,,
Bolligen,,352,246,2,,,,,,,
Vouvry,,6159,2308,23,,,,,,,
Niederwil (AG),,4072,1903,19,,,,,,,
Berg am Irchel,,23,102,1,,,,,,,
Möhlin,,4254,1909,19,,,,,,,
Attalens,,2321,1007,10,,,,,,,
Boniswil,,4192,1907,19,,,,,,,
Oftringen,,4280,1910,19,,,,,,,
Rhäzüns,,3723,1844,18,,,,,,,
Pierrafortscha,,2216,1004,10,,,,,,,
Cadempino,,5162,2105,21,,,,,,,
Buchegg,,2465,1103,11,,,,,,,
Oberthal,,620,246,2,,,,,,,
Rupperswil,,4206,1907,19,,,,,,,
Faoug,,5458,2222,22,,,,,,,
L'Abergement,,5741,2224,22,,,,,,,
Madiswil,,332,244,2,,,,,,,
Grolley-Ponthaux,,2239,1004,10,,,,,,,
Nebikon,,1137,315,3,,,,,,,
Riedholz,,2554,1107,11,,,,,,,
Signy-Avenex,,5728,2228,22,,,,,,,
Niederglatt,,89,104,1,,,,,,,
Schmiedrued,,4143,1905,19,,,,,,,
Hermenches,,5673,2222,22,,,,,,,
Lumnezia,,3618,1850,18,,,,,,,
Ascona,,5091,2104,21,,,,,,,
Sorens,,2153,1003,10,,,,,,,
Rovray,,5928,2224,22,,,,,,,
Boningen,,2571,1108,11,,,,,,,
Trachselwald,,958,245,2,,,,,,,
Bure,,6778,2603,26,,,,,,,
Messen,,2457,1103,11,,,,,,,
Courtelary,,434,241,2,,,,,,,
Opfikon,,66,103,1,,,,,,,
Saint-Oyens,,5436,2227,22,,,,,,,
Pont-en-Ogoz,,2122,1003,10,,,,,,,
Zweisimmen,,794,248,2,,,,,,,
Saas-Grund,,6291,2313,23,,,,,,,
Giffers,,2294,1006,10,,,,,,,
Saint-Imier,,443,241,2,,,,,,,
Wiliberg,,4288,1910,19,,,,,,,
Höri,,60,103,1,,,,,,,
Les Bois,,6742,2602,26,,,,,,,
Arbaz,,6261,2312,23,,,,,,,
Bassersdorf,,52,103,1,,,,,,,
Würenlos,,4048,1902,19,,,,,,,
Eschlikon,,4724,2014,20,,,,,,,
Fiez,,5556,2224,22,,,,,,,
Aesch (ZH),,241,111,1,,,,,,,
Leibstadt,,4311,1911,19,,,,,,,
Mörschwil,,3214,1722,17,,,,,,,
Evilard,,372,242,2,,,,,,,
Roggenburg,,2790,1302,13,,,,,,,
Greng,,2261,1005,10,,,,,,,
Arzier-Le Muids,,5702,2228,22,,,,,,,
Nuvilly,,2035,1001,10,,,,,,,
Rohrbach,,338,244,2,,,,,,,
Onex,,6631,,25,,,,,,,
Bottighofen,,4643,2013,20,,,,,,,
Bitsch,,6173,2309,23,,,,,,,
Avers,,3681,1851,18,,,,,,,
Novazzano,,5260,2106,21,,,,,,,
Mülligen,,4107,1904,19,,,,,,,
Hildisrieden,,1088,314,3,,,,,,,
Gryon,,5405,2221,22,,,,,,,
Granges (Veveyse),,2328,1007,10,,,,,,,
Gy,,6624,,25,,,,,,,
Berikon,,4062,1903,19,,,,,,,
Dintikon,,4194,1907,19,,,,,,,
Frutigen,,563,249,2,,,,,,,
Le Grand-Saconnex,,6623,,25,,,,,,,
Unterseen,,593,250,2,,,,,,,
Kirchberg (SG),,3392,1727,17,,,,,,,
Chessel,,5403,2221,22,,,,,,,
Muntelier,,2274,1005,10,,,,,,,
Büren (SO),,2472,1104,11,,,,,,,
Toffen,,884,246,2,,,,,,,
Cureglia,,5180,2105,21,,,,,,,
Aefligen,,401,245,2,,,,,,,
Castaneda,,3805,1847,18,,,,,,,
Jorat-Menthue,,5804,2223,22,,,,,,,
Therwil,,2775,1301,13,,,,,,,
Lausanne,,5586,2225,22,,,,,,,
Törbel,,6296,2313,23,,,,,,,
Jonschwil,,3405,1728,17,,,,,,,
Wil (SG),,3427,1728,17,,,,,,,
Seuzach,,227,110,1,,,,,,,
Sursee,,1103,314,3,,,,,,,
Hemishofen,,2962,1405,14,,,,,,,
Gunzgen,,2578,1108,11,,,,,,,
Schmitten (FR),,2305,1006,10,,,,,,,
Vex,,6089,2305,23,,,,,,,
Diepoldsau,,3234,1723,17,,,,,,,
Müllheim,,4831,2012,20,,,,,,,
Stüsslingen,,2499,1105,11,,,,,,,
Denens,,5631,2227,22,,,,,,,
Sonvilier,,445,241,2,,,,,,,
Tamins,,3733,1844,18,,,,,,,
Bachs,,81,104,1,,,,,,,
Belp,,861,246,2,,,,,,,
Seewis im Prättigau,,3972,1849,18,,,,,,,
Alpnach,,1401,,6,,,,,,,
Hochdorf,,1031,313,3,,,,,,,
Buchillon,,5623,2227,22,,,,,,,
Bonaduz,,3721,1844,18,,,,,,,
Mont-sur-Rolle,,5859,2228,22,,,,,,,
Boulens,,5661,2223,22,,,,,,,
Rickenbach (BL),,2857,1304,13,,,,,,,
Mont-Noble,,6090,2305,23,,,,,,,
Regensberg,,95,104,1,,,,,,,
Arboldswil,,2881,1305,13,,,,,,,
Oetwil am See,,157,107,1,,,,,,,
Erlach,,492,243,2,,,,,,,
Cornol,,6782,2603,26,,,,,,,
Courrendlin,,6708,2601,26,,,,,,,
Ingenbohl,,1364,506,5,,,,,,,
Nods,,724,241,2,,,,,,,
Rothrist,,4282,1910,19,,,,,,,
Vionnaz,,6158,2308,23,,,,,,,
Masein,,3663,1851,18,,,,,,,
Kerns,,1404,,6,,,,,,,
Volketswil,,199,109,1,,,,,,,
Berg (TG),,4891,2015,20,,,,,,,
Oberbüren,,3424,1728,17,,,,,,,
Arogno,,5144,2105,21,,,,,,,
Cressier (NE),,6452,,24,,,,,,,
Vernayaz,,6219,2310,23,,,,,,,
Oberdorf (NW),,1508,,7,,,,,,,
Cademario,,5161,2105,21,,,,,,,
Andeer,,3701,1851,18,,,,,,,
Hauptwil-Gottshaus,,4486,2015,20,,,,,,,
Hedingen,,5,101,1,,,,,,,
Vacallo,,5268,2106,21,,,,,,,
Läufelfingen,,2852,1304,13,,,,,,,
Hellsau,,408,245,2,,,,,,,
Giebenach,,2826,1303,13,,,,,,,
Emmen,,1024,313,3,,,,,,,
Gontenschwil,,4135,1905,19,,,,,,,
Vaulion,,5765,2224,22,,,,,,,
Tujetsch,,3986,1850,18,,,,,,,
Bioley-Magnoux,,5903,2224,22,,,,,,,
Bonvillars,,5551,2224,22,,,,,,,
Büttikon,,4064,1903,19,,,,,,,
Udligenswil,,1067,312,3,,,,,,,
Hersberg,,2827,1303,13,,,,,,,
Duggingen,,2785,1302,13,,,,,,,
Val Müstair,,3847,1843,18,,,,,,,
Bettens,,5471,2223,22,,,,,,,
Heimenhausen,,977,244,2,,,,,,,
Villmergen,,4080,1903,19,,,,,,,
Arnex-sur-Nyon,,5701,2228,22,,,,,,,
Jegenstorf,,540,246,2,,,,,,,
Saint-George,,5434,2228,22,,,,,,,
Döttingen,,4304,1911,19,,,,,,,
Löhningen,,2903,1401,14,,,,,,,
Le Landeron,,6455,,24,,,,,,,
Unterbäch,,6201,2309,23,,,,,,,
Seengen,,4208,1907,19,,,,,,,
Vitznau,,1068,312,3,,,,,,,
Oberegg,,3111,,16,,,,,,,
Lommis,,4741,2014,20,,,,,,,
Geltwil,,4232,1908,19,,,,,,,
Warth-Weiningen,,4621,2012,20,,,,,,,
Schwerzenbach,,197,109,1,,,,,,,
Onnens (VD),,5565,2224,22,,,,,,,
Aadorf,,4551,2014,20,,,,,,,
Fällanden,,193,109,1,,,,,,,
Court,,690,241,2,,,,,,,
Saxon,,6141,2307,23,,,,,,,
Vuiteboeuf,,5766,2224,22,,,,,,,
Minusio,,5118,2104,21,,,,,,,
Sergey,,5762,2224,22,,,,,,,
Manno,,5194,2105,21,,,,,,,
Murgenthal,,4279,1910,19,,,,,,,
Chevroux,,5813,2222,22,,,,,,,
Wiler bei Utzenstorf,,554,245,2,,,,,,,
Bottenwil,,4273,1910,19,,,,,,,
Bischofszell,,4471,2015,20,,,,,,,
Glarus Süd,,1631,,8,,,,,,,
Niederbuchsiten,,2405,1101,11,,,,,,,
Ottenbach,,11,101,1,,,,,,,
Aire-la-Ville,,6601,,25,,,,,,,
Seeberg,,988,244,2,,,,,,,
Giez,,5559,2224,22,,,,,,,
Beromünster,,1081,314,3,,,,,,,
Heitenried,,2296,1006,10,,,,,,,
Pfungen,,224,110,1,,,,,,,
Rossemaison,,6721,2601,26,,,,,,,
Hérémence,,6084,2305,23,,,,,,,
Affoltern am Albis,,2,101,1,,,,,,,
Losone,,5115,2104,21,,,,,,,
Aristau,,4222,1908,19,,,,,,,
Thurnen,,889,246,2,,,,,,,
Rüdtligen-Alchenflüh,,420,245,2,,,,,,,
Habsburg,,4099,1904,19,,,,,,,
Müntschemier,,498,243,2,,,,,,,
Eischoll,,6194,2309,23,,,,,,,
Turtmann-Unterems,,6119,2306,23,,,,,,,
Selzach,,2556,1107,11,,,,,,,
Pollegio,,5077,2103,21,,,,,,,
Rue,,2097,1002,10,,,,,,,
Neggio,,5206,2105,21,,,,,,,
Chamoson,,6022,2302,23,,,,,,,
Paudex,,5588,2226,22,,,,,,,
Schönengrund,,3003,1501,15,,,,,,,
Uttwil,,4451,2011,20,,,,,,,
Bergün Filisur,,3544,1841,18,,,,,,,
Uetendorf,,944,247,2,,,,,,,
Herrliberg,,152,107,1,,,,,,,
Brütten,,213,110,1,,,,,,,
Thalheim an der Thur,,39,102,1,,,,,,,
Nuglar-St. Pantaleon,,2478,1104,11,,,,,,,
Zurzach,,4324,1911,19,,,,,,,
Aarwangen,,321,244,2,,,,,,,
Oberdorf (BL),,2892,1305,13,,,,,,,
Truttikon,,41,102,1,,,,,,,
Uetikon am See,,159,107,1,,,,,,,
Lussy-sur-Morges,,5640,2227,22,,,,,,,
Grossdietwil,,1131,315,3,,,,,,,
Cugy (VD),,5516,2223,22,,,,,,,
Novalles,,5564,2224,22,,,,,,,
Cuarny,,5911,2224,22,,,,,,,
Rossinière,,5842,2230,22,,,,,,,
Matten bei Interlaken,,587,250,2,,,,,,,
Worben,,755,243,2,,,,,,,
Bassins,,5703,2228,22,,,,,,,
Spreitenbach,,4040,1902,19,,,,,,,
Meikirch,,307,246,2,,,,,,,
Fétigny-Ménières,,2056,1001,10,,,,,,,
Gambarogno,,5398,2104,21,,,,,,,
Winkel,,72,103,1,,,,,,,
Pailly,,5530,2223,22,,,,,,,
Kallnach,,304,243,2,,,,,,,
Salmsach,,4441,2011,20,,,,,,,
Rumendingen,,421,245,2,,,,,,,
Sant'Antonino,,5017,2101,21,,,,,,,
Waldenburg,,2895,1305,13,,,,,,,
Steinerberg,,1374,506,5,,,,,,,
Mels,,3293,1725,17,,,,,,,
Haut-Intyamon,,2121,1003,10,,,,,,,
Wichtrach,,632,246,2,,,,,,,
Schangnau,,906,245,2,,,,,,,
Altstätten,,3251,1723,17,,,,,,,
Schwende-Rüte,,3112,,16,,,,,,,
Isone,,5009,2101,21,,,,,,,
Obersaxen Mundaun,,3988,1850,18,,,,,,,
Saint-Prex,,5646,2227,22,,,,,,,
Riederalp,,6181,2309,23,,,,,,,
Ferden,,6195,2309,23,,,,,,,
Reichenbach im Kandertal,,567,249,2,,,,,,,
Aesch (BL),,2761,1301,13,,,,,,,
Drei Höfe,,2535,1106,11,,,,,,,
Flums,,3292,1725,17,,,,,,,
Aranno,,5143,2105,21,,,,,,,
Leukerbad,,6111,2306,23,,,,,,,
Bauma,,297,108,1,,,,,,,
Unterlangenegg,,945,247,2,,,,,,,
Brienzwiler,,574,250,2,,,,,,,
Radelfingen,,309,243,2,,,,,,,
Oron,,5805,2226,22,,,,,,,
Inden,,6109,2306,23,,,,,,,
Lungern,,1405,,6,,,,,,,
Ursy,,2102,1002,10,,,,,,,
Courtedoux,,6785,2603,26,,,,,,,
Raron,,6199,2309,23,,,,,,,
Maggia,,5317,2108,21,,,,,,,
Jonen,,4071,1903,19,,,,,,,
Jongny,,5885,2230,22,,,,,,,
Vernate,,5230,2105,21,,,,,,,
Wangen-Brüttisellen,,200,109,1,,,,,,,
Waltenschwil,,4240,1908,19,,,,,,,
Saint-Léonard,,6246,2311,23,,,,,,,
Wagenhausen,,4871,2012,20,,,,,,,
Kaufdorf,,869,246,2,,,,,,,
Dagmersellen,,1125,315,3,,,,,,,
Oberrüti,,4237,1908,19,,,,,,,
Sorengo,,5225,2105,21,,,,,,,
Rheinau,,38,102,1,,,,,,,
Andelfingen,,291,102,1,,,,,,,
Mollens (VD),,5431,2227,22,,,,,,,
Glarus Nord,,1630,,8,,,,,,,
Carouge (GE),,6608,,25,,,,,,,
Estavayer,,2054,1001,10,,,,,,,
Lenk,,792,248,2,,,,,,,
Werthenstein,,1009,316,3,,,,,,,
Oberlangenegg,,935,247,2,,,,,,,
Märstetten,,4941,2015,20,,,,,,,
Farnern,,975,244,2,,,,,,,
Bourg-Saint-Pierre,,6032,2303,23,,,,,,,
Uezwil,,4078,1903,19,,,,,,,
Tschappina,,3669,1851,18,,,,,,,
Avusy,,6604,,25,,,,,,,
Gollion,,5484,2227,22,,,,,,,
Pully,,5590,2226,22,,,,,,,
Bärschwil,,2611,1110,11,,,,,,,
Worb,,627,246,2,,,,,,,
Lütschental,,586,250,2,,,,,,,
Aeugst am Albis,,1,101,1,,,,,,,
Holderbank (SO),,2425,1102,11,,,,,,,
Sins,,4239,1908,19,,,,,,,
Mies,,5723,2228,22,,,,,,,
Lüsslingen-Nennigkofen,,2464,1103,11,,,,,,,
Bettenhausen,,973,244,2,,,,,,,
Wald (AR),,3036,1503,15,,,,,,,
Gravesano,,5187,2105,21,,,,,,,
Wilchingen,,2974,1406,14,,,,,,,
Sennwald,,3274,1724,17,,,,,,,
Neuhausen am Rheinfall,,2937,1403,14,,,,,,,
Milvignes,,6416,,24,,,,,,,
Bachenbülach,,51,103,1,,,,,,,
Brüttelen,,491,243,2,,,,,,,
Noble-Contrée,,6254,2311,23,,,,,,,
Buseno,,3804,1847,18,,,,,,,
Grangettes,,2079,1002,10,,,,,,,
Innerthal,,1343,505,5,,,,,,,
Bavois,,5746,2224,22,,,,,,,
Grindelwald,,576,250,2,,,,,,,
Uebeschi,,943,247,2,,,,,,,
Birwinken,,4901,2015,20,,,,,,,
Widen,,4081,1903,19,,,,,,,
Eschenbach (LU),,1026,313,3,,,,,,,
Lauperswil,,903,245,2,,,,,,,
Urdorf,,250,111,1,,,,,,,
Büron,,1082,314,3,,,,,,,
Orges,,5924,2224,22,,,,,,,
Tramelan,,446,241,2,,,,,,,
Mauensee,,1091,314,3,,,,,,,
Bern,,351,246,2,,,,,,,
Brislach,1683631,2782,1302,13,0.9999960926774766,5.5100688838077776e-05,0.014,0.00039073290802018663,9416615.437463809,9416610.248843838,MultiPolygon
Belmont-sur-Lausanne,,5581,2226,22,,,,,,,
Herisau,,3001,1501,15,,,,,,,
Mettembert,,6716,2601,26,,,,,,,
Romanshorn,,4436,2011,20,,,,,,,
Rennaz,,5412,2221,22,,,,,,,
Buch am Irchel,,24,102,1,,,,,,,
Treyvaux,1683412,2226,1004,10,0.9999958041199354,6.301370526560696e-05,0.015,0.0004195890191891192,11403482.527056107,11403489.712812977,MultiPolygon
Birmensdorf (ZH),,242,111,1,,,,,,,
Mörel-Filet,,6203,2309,23,,,,,,,
Reconvilier,,703,241,2,,,,,,,
Fahrni,,925,247,2,,,,,,,
Kippel,,6197,2309,23,,,,,,,
Kehrsatz,,870,246,2,,,,,,,
Burtigny,,5854,2228,22,,,,,,,
Tévenon,,5571,2224,22,,,,,,,
Lignières,,6456,,24,,,,,,,
Jorat-Mézières,,5806,2226,22,,,,,,,
Kirchlindach,,354,246,2,,,,,,,
Mühleberg,,668,246,2,,,,,,,
Arch,,381,243,2,,,,,,,
Agiez,,5742,2224,22,,,,,,,
Riviera,,5287,2107,21,,,,,,,
Starrkirch-Wil,,2584,1108,11,,,,,,,
Erlen,,4476,2015,20,,,,,,,
Schötz,,1143,315,3,,,,,,,
Bissone,,5154,2105,21,,,,,,,
Vezia,,5231,2105,21,,,,,,,
Witterswil,,2481,1104,11,,,,,,,
Assens,,5511,2223,22,,,,,,,
Erlenbach im Simmental,,763,249,2,,,,,,,
Saint-Brais,,6758,2602,26,,,,,,,
Ebnat-Kappel,,3352,1727,17,,,,,,,
Safenwil,,4283,1910,19,,,,,,,
Pura,,5216,2105,21,,,,,,,
Bottens,,5514,2223,22,,,,,,,
Rossenges,,5684,2222,22,,,,,,,
Finhaut,,6214,2310,23,,,,,,,
Oberwil im Simmental,,766,249,2,,,,,,,
Lampenberg,,2887,1305,13,,,,,,,
Oberägeri,,1706,,9,,,,,,,
Ins,,496,243,2,,,,,,,
Röschenz,,2791,1302,13,,,,,,,
Fiesch,,6057,2304,23,,,,,,,
Torny,,2115,1002,10,,,,,,,
Berken,,972,244,2,,,,,,,
Schöftland,,4144,1905,19,,,,,,,
Neyruz (FR),,2211,1004,10,,,,,,,
Fischingen,,4726,2014,20,,,,,,,
Lauenen,,842,248,2,,,,,,,
St. Moritz,,3787,1846,18,,,,,,,
Grabs,,3273,1724,17,,,,,,,
Seewen,,2480,1104,11,,,,,,,
Baar,,1701,,9,,,,,,,
Laufen-Uhwiesen,,34,102,1,,,,,,,
Jenins,,3952,1845,18,,,,,,,
Egnach,,4411,2011,20,,,,,,,
Rougemont,,5843,2230,22,,,,,,,
Fraubrunnen,,538,246,2,,,,,,,
Wolfhalden,,3038,1503,15,,,,,,,
Personico,,5076,2103,21,,,,,,,
Torricella-Taverne,,5227,2105,21,,,,,,,
La Brévine,,6432,,24,,,,,,,
Geuensee,,1085,314,3,,,,,,,
Penthalaz,,5495,2223,22,,,,,,,
Neuchâtel,,6458,,24,,,,,,,
Steinen,,1373,506,5,,,,,,,
Molondin,,5921,2224,22,,,,,,,
Günsberg,,2547,1107,11,,,,,,,
Muzzano,,5205,2105,21,,,,,,,
Geroldswil,,244,111,1,,,,,,,
Meggen,,1063,312,3,,,,,,,
Ayent,,6082,2305,23,,,,,,,
Niederdorf,,2891,1305,13,,,,,,,
Ebikon,,1054,312,3,,,,,,,
Zermatt,,6300,2313,23,,,,,,,
Wölflinswil,,4182,1906,19,,,,,,,
Büetigen,,382,243,2,,,,,,,
Walperswil,,754,243,2,,,,,,,
Pont-la-Ville,,2147,1003,10,,,,,,,
Cheyres-Châbles,,2055,1001,10,,,,,,,
Hauteville,,2137,1003,10,,,,,,,
Buchrain,,1052,312,3,,,,,,,
Gretzenbach,,2576,1108,11,,,,,,,
Siviriez,,2099,1002,10,,,,,,,
Rongellen,,3711,1851,18,,,,,,,
Leissigen,,585,250,2,,,,,,,
Vich,,5732,2228,22,,,,,,,
Jouxtens-Mézery,,5585,2225,22,,,,,,,
Calanca,,3837,1847,18,,,,,,,
Caslano,,5171,2105,21,,,,,,,
Féchy,,5427,2227,22,,,,,,,
Unteriberg,,1375,506,5,,,,,,,
Dänikon,,85,104,1,,,,,,,
Juriens,,5754,2224,22,,,,,,,
Romoos,,1007,316,3,,,,,,,
Triengen,,1104,314,3,,,,,,,
Leysin,,5407,2221,22,,,,,,,
Galgenen,,1342,505,5,,,,,,,
Schöfflisdorf,,99,104,1,,,,,,,
Hasle (LU),,1005,316,3,,,,,,,
Winznau,,2501,1105,11,,,,,,,
Bühler,,3021,1502,15,,,,,,,
Moosleerau,,4277,1910,19,,,,,,,
Leuggern,,4313,1911,19,,,,,,,
Lutry,,5606,2226,22,,,,,,,
La Sarraz,,5498,2227,22,,,,,,,
Rüti (ZH),,118,105,1,,,,,,,
Orvin,,438,241,2,,,,,,,
Fischbach,,1129,315,3,,,,,,,
Sainte-Croix,,5568,2224,22,,,,,,,
Leimbach (AG),,4137,1905,19,,,,,,,
Simplon,,6009,2301,23,,,,,,,
Bözberg,,4124,1904,19,,,,,,,
Les Breuleux,,6743,2602,26,,,,,,,
Blumenstein,,922,247,2,,,,,,,
Walterswil (BE),,959,244,2,,,,,,,
Wengi,,394,243,2,,,,,,,
Coldrerio,,5251,2106,21,,,,,,,
Grandevent,,5560,2224,22,,,,,,,
Lavertezzo,,5112,2104,21,,,,,,,
Jaun,,2138,1003,10,,,,,,,
Iffwil,,541,246,2,,,,,,,
La Chaux-de-Fonds,,6421,,24,,,,,,,
Steinmaur,,101,104,1,,,,,,,
Courroux,,6709,2601,26,,,,,,,
Veyrier,,6645,,25,,,,,,,
Penthéréaz,,5531,2223,22,,,,,,,
Allmendingen,,630,246,2,,,,,,,
Boudry,,6404,,24,,,,,,,
Grengiols,,6177,2309,23,,,,,,,
Les Enfers,,6745,2602,26,,,,,,,
Zug,,1711,,9,,,,,,,
Lavey-Morcles,,5406,2221,22,,,,,,,
Liddes,,6033,2303,23,,,,,,,
Feusisberg,,1321,503,5,,,,,,,
Muotathal,,1367,506,5,,,,,,,
Reutigen,,767,247,2,,,,,,,
Hofstetten-Flüh,,2476,1104,11,,,,,,,
Brenzikofen,,606,246,2,,,,,,,
Aegerten,,731,242,2,,,,,,,
Brittnau,,4274,1910,19,,,,,,,
Salenstein,,4851,2013,20,,,,,,,
Remetschwil,,4039,1902,19,,,,,,,
Mörigen,,742,242,2,,,,,,,
Vinelz,,502,243,2,,,,,,,
Prévonloup,,5683,2222,22,,,,,,,
Misery-Courtion,,2272,1005,10,,,,,,,
Bever,,3781,1846,18,,,,,,,
Zihlschlacht-Sitterdorf,,4511,2015,20,,,,,,,
Puplinge,,6636,,25,,,,,,,
Saint-Martin (VS),,6087,2305,23,,,,,,,
Schelten,,708,241,2,,,,,,,
Rickenbach (SO),,2582,1108,11,,,,,,,
Rüti bei Lyssach,,422,245,2,,,,,,,
Aclens,,5621,2227,22,,,,,,,
Rehetobel,,3034,1503,15,,,,,,,
Linescio,,5315,2108,21,,,,,,,
Vilters-Wangs,,3297,1725,17,,,,,,,
Dalpe,,5071,2103,21,,,,,,,
Obermumpf,,4256,1909,19,,,,,,,
Petit-Val,,716,241,2,,,,,,,
Mezzovico-Vira,,5199,2105,21,,,,,,,
Beinwil (SO),,2612,1110,11,,,,,,,
Martigny-Combe,,6137,2307,23,,,,,,,
Untervaz,,3946,1845,18,,,,,,,
Le Flon,,2337,1007,10,,,,,,,
Widnau,,3238,1723,17,,,,,,,
Killwangen,,4030,1902,19,,,,,,,
Felben-Wellhausen,,4561,2012,20,,,,,,,
Dietlikon,,54,103,1,,,,,,,
Wangen an der Aare,,992,244,2,,,,,,,
Oberhünigen,,629,246,2,,,,,,,
Zell (ZH),,231,110,1,,,,,,,
Grindel,,2617,1110,11,,,,,,,
Rossa,,3808,1847,18,,,,,,,
Thundorf,,4611,2012,20,,,,,,,
Bowil,,605,246,2,,,,,,,
Oberems,,6112,2306,23,,,,,,,
Meisterschwanden,,4202,1907,19,,,,,,,
Stein (AG),,4260,1909,19,,,,,,,
Bussigny,,5624,2229,22,,,,,,,
Lumino,,5010,2101,21,,,,,,,
Unterramsern,,2463,1103,11,,,,,,,
Horw,,1058,312,3,,,,,,,
Basel,,2701,,12,,,,,,,
Croy,,5752,2224,22,,,,,,,
Anières,,6602,,25,,,,,,,
Matzendorf,,2427,1102,11,,,,,,,
Zäziwil,,628,246,2,,,,,,,
Chavannes-le-Chêne,,5907,2224,22,,,,,,,
Chavannes-de-Bogis,,5707,2228,22,,,,,,,
Sulgen,,4506,2015,20,,,,,,,
Wald (BE),,888,246,2,,,,,,,
Samedan,,3786,1846,18,,,,,,,
Cerentino,,5309,2108,21,,,,,,,
Saanen,,843,248,2,,,,,,,
Tuggen,,1347,505,5,,,,,,,
St. Ursen,,2304,1006,10,,,,,,,
Pfäfers,,3294,1725,17,,,,,,,
Rothenbrunnen,,3637,1851,18,,,,,,,
Greifensee,,194,109,1,,,,,,,
Cormoret,,432,241,2,,,,,,,
Twann-Tüscherz,,756,242,2,,,,,,,
Schlatt (TG),,4546,2012,20,,,,,,,
Basse-Vendline,,6812,2603,26,,,,,,,
Alberswil,,1121,315,3,,,,,,,
Kirchleerau,,4275,1910,19,,,,,,,
Saint-Maurice,,6217,2310,23,,,,,,,
Bremblens,,5622,2227,22,,,,,,,
Gersau,,1311,502,5,,,,,,,
S-chanf,,3788,1846,18,,,,,,,
Reisiswil,,336,244,2,,,,,,,
Dozwil,,4406,2011,20,,,,,,,
Hundwil,,3002,1501,15,,,,,,,
Iseltwald,,582,250,2,,,,,,,
Nenzlingen,,2789,1302,13,,,,,,,
Russikon,,178,108,1,,,,,,,
Sigriswil,,938,247,2,,,,,,,
Montfaucon,,6751,2602,26,,,,,,,
Bergdietikon,,4023,1902,19,,,,,,,
Zeiningen,,4263,1909,19,,,,,,,
Giswil,,1403,,6,,,,,,,
Rifferswil,,12,101,1,,,,,,,
Kleinandelfingen,,33,102,1,,,,,,,
Chalais,,6232,2311,23,,,,,,,
Riddes,,6139,2307,23,,,,,,,
Mosnang,,3394,1727,17,,,,,,,
Schlatt-Haslen,,3104,,16,,,,,,,
Bourg-en-Lavaux,,5613,2226,22,,,,,,,
Belmont-Broye,,2053,1001,10,,,,,,,
Anwil,,2841,1304,13,,,,,,,
Sisseln,,4177,1906,19,,,,,,,
Ipsach,,739,242,2,,,,,,,
Freienstein-Teufen,,57,103,1,,,,,,,
Mauraz,,5488,2227,22,,,,,,,
Chancy,,6611,,25,,,,,,,
Veysonnaz,,6267,2312,23,,,,,,,
Hauterive (FR),,2233,1004,10,,,,,,,
Châtel-Saint-Denis,,2325,1007,10,,,,,,,
Le Lieu,,5873,2224,22,,,,,,,
Sembrancher,,6035,2303,23,,,,,,,
Ermensee,,1025,313,3,,,,,,,
Dotzigen,,386,243,2,,,,,,,
Hindelbank,,409,245,2,,,,,,,
Champtauroz,,5812,2222,22,,,,,,,
Höchstetten,,410,245,2,,,,,,,
Locarno,,5113,2104,21,,,,,,,
Gossau (ZH),,115,105,1,,,,,,,
Recherswil,,2530,1106,11,,,,,,,
Prévondavaux,,2038,1001,10,,,,,,,
Le Locle,,6436,,24,,,,,,,
Biasca,,5281,2107,21,,,,,,,
Eisten,,6282,2313,23,,,,,,,
Oberembrach,,65,103,1,,,,,,,
Kienberg,,2492,1105,11,,,,,,,
Homberg,,931,247,2,,,,,,,
Ennetbürgen,,1505,,7,,,,,,,
Sachseln,,1406,,6,,,,,,,
Wimmis,,769,249,2,,,,,,,
Gsteig,,841,248,2,,,,,,,
Koppigen,,413,245,2,,,,,,,
Urmein,,3670,1851,18,,,,,,,
Grandfontaine,,6792,2603,26,,,,,,,
Collina d'Oro,,5236,2105,21,,,,,,,
Andwil (SG),,3441,1721,17,,,,,,,
Kerzers,,2265,1005,10,,,,,,,
Malters,,1062,312,3,,,,,,,
Montreux,,5886,2230,22,,,,,,,
Flüelen,,1207,,4,,,,,,,
Rothenfluh,,2858,1304,13,,,,,,,
Rances,,5760,2224,22,,,,,,,
Olsberg,,4257,1909,19,,,,,,,
Murten,,2275,1005,10,,,,,,,
Glattfelden,,58,103,1,,,,,,,
Trimbach,,2500,1105,11,,,,,,,
Bioggio,,5151,2105,21,,,,,,,
Mönthal,,4106,1904,19,,,,,,,
Utzenstorf,,552,245,2,,,,,,,
Alle,,6771,2603,26,,,,,,,
Choulex,,6614,,25,,,,,,,
Niederrohrdorf,,4035,1902,19,,,,,,,
Oberlunkhofen,,4073,1903,19,,,,,,,
Bäriswil,,403,246,2,,,,,,,
Laufenburg,,4170,1906,19,,,,,,,
Gais,,3022,1502,15,,,,,,,
Naters,,6007,2301,23,,,,,,,
Langnau am Albis,,136,106,1,,,,,,,
Trubschachen,,909,245,2,,,,,,,
Illnau-Effretikon,,296,108,1,,,,,,,
Sumvitg,,3985,1850,18,,,,,,,
Elsau,,219,110,1,,,,,,,
Cortébert,,433,241,2,,,,,,,
Langenthal,,329,244,2,,,,,,,
Wetzikon (ZH),,121,105,1,,,,,,,
Walzenhausen,,3037,1503,15,,,,,,,
Poliez-Pittet,,5533,2223,22,,,,,,,
Wasterkingen,,70,103,1,,,,,,,
Pompaples,,5497,2227,22,,,,,,,
Biglen,,603,246,2,,,,,,,
Erlenbach (ZH),,151,107,1,,,,,,,
Hagneck,,736,243,2,,,,,,,
Plan-les-Ouates,,6633,,25,,,,,,,
Rünenberg,,2860,1304,13,,,,,,,
Täsch,,6295,2313,23,,,,,,,
Ennetmoos,,1506,,7,,,,,,,
Jussy,,6626,,25,,,,,,,
Sumiswald,,957,245,2,,,,,,,
Unterentfelden,,4013,1901,19,,,,,,,
Maracon,,5790,2226,22,,,,,,,
Nürensdorf,,64,103,1,,,,,,,
Vuarrens,,5539,2223,22,,,,,,,
Satigny,,6638,,25,,,,,,,
Walenstadt,,3298,1725,17,,,,,,,
Perrefitte,,701,241,2,,,,,,,
Poschiavo,,3561,1842,18,,,,,,,
Bättwil,,2471,1104,11,,,,,,,
Ferpicloz,,2194,1004,10,,,,,,,
Schwarzenberg,,1066,312,3,,,,,,,
Surpierre,,2044,1001,10,,,,,,,
Appenzell,,3101,,16,,,,,,,
Konolfingen,,612,246,2,,,,,,,
Roggliswil,,1142,315,3,,,,,,,
Hilterfingen,,929,247,2,,,,,,,
Agno,,5141,2105,21,,,,,,,
Berg (SG),,3211,1722,17,,,,,,,
Hüttlingen,,4590,2012,20,,,,,,,
Riniken,,4111,1904,19,,,,,,,
Bursins,,5853,2228,22,,,,,,,
Uttigen,,885,247,2,,,,,,,
Zuzwil (SG),,3426,1728,17,,,,,,,
Courtepin,,2254,1005,10,,,,,,,
Othmarsingen,,4205,1907,19,,,,,,,
Gebenstorf,,4029,1902,19,,,,,,,
Genthod,,6622,,25,,,,,,,
Steffisburg,,939,247,2,,,,,,,
Port,,745,242,2,,,,,,,
Ramlinsburg,,2832,1303,13,,,,,,,
Servion,,5799,2226,22,,,,,,,
Diemtigen,,762,249,2,,,,,,,
Castel San Pietro,,5249,2106,21,,,,,,,
Borex,,5706,2228,22,,,,,,,
Beringen,,2932,1403,14,,,,,,,
Adelboden,,561,249,2,,,,,,,
Richterswil,,138,106,1,,,,,,,
Fulenbach,,2575,1108,11,,,,,,,
Bas-Intyamon,,2162,1003,10,,,,,,,
Bex,,5402,2221,22,,,,,,,
Villaz,,2117,1002,10,,,,,,,
Wigoltingen,,4951,2015,20,,,,,,,
Eysins,,5716,2228,22,,,,,,,
Roveredo (GR),,3834,1847,18,,,,,,,
Zullwil,,2622,1110,11,,,,,,,
Bremgarten (AG),,4063,1903,19,,,,,,,
Menzingen,,1704,,9,,,,,,,
Rothenburg,,1040,313,3,,,,,,,
Niedergesteln,,6198,2309,23,,,,,,,
Uitikon,,248,111,1,,,,,,,
Ormalingen,,2856,1304,13,,,,,,,
Hägglingen,,4068,1903,19,,,,,,,
Seelisberg,,1215,,4,,,,,,,
Walterswil (SO),,2585,1108,11,,,,,,,
Villars-sous-Yens,,5652,2227,22,,,,,,,
Hergiswil bei Willisau,,1132,315,3,,,,,,,
Delley-Portalban,,2051,1001,10,,,,,,,
Monthey,,6153,2308,23,,,,,,,
Jenaz,,3863,1849,18,,,,,,,
Corgémont,,431,241,2,,,,,,,
La Sagne,,6423,,24,,,,,,,
Meinisberg,,390,242,2,,,,,,,
Schwellbrunn,,3004,1501,15,,,,,,,
Obersiggenthal,,4038,1902,19,,,,,,,
Finsterhennen,,493,243,2,,,,,,,
Blonay - Saint-Légier,,5892,2230,22,,,,,,,
Sorvilier,,711,241,2,,,,,,,
Moutier,,6831,2604,26,,,,,,,
Movelier,,6718,2601,26,,,,,,,
Domleschg,,3673,1851,18,,,,,,,
Gondiswil,,326,244,2,,,,,,,
Goms,,6077,2304,23,,,,,,,
Dürrenäsch,,4134,1905,19,,,,,,,
Glarus,,1632,,8,,,,,,,
Etziken,,2518,1106,11,,,,,,,
Henniez,,5819,2222,22,,,,,,,
Centovalli,,5397,2104,21,,,,,,,
Zuzgen,,4264,1909,19,,,,,,,
Muntogna da Schons,,3715,1851,18,,,,,,,
Ferreyres,,5483,2227,22,,,,,,,
Zumikon,,160,107,1,,,,,,,
Gurzelen,,867,247,2,,,,,,,
Rochefort,,6413,,24,,,,,,,
Avry,,2174,1004,10,,,,,,,
Dulliken,,2573,1108,11,,,,,,,
Oberkulm,,4140,1905,19,,,,,,,
Sutz-Lattrigen,,750,242,2,,,,,,,
Troinex,,6641,,25,,,,,,,
Niedergösgen,,2495,1105,11,,,,,,,
Bösingen,,2295,1006,10,,,,,,,
Visperterminen,,6298,2313,23,,,,,,,
Oberwil bei Büren,,391,243,2,,,,,,,
Kleinbösingen,,2266,1005,10,,,,,,,
Flims,,3732,1844,18,,,,,,,
Saas-Almagell,,6288,2313,23,,,,,,,
Kriens,,1059,312,3,,,,,,,
Clos du Doubs,,6808,2603,26,,,,,,,
Les Montets,,2050,1001,10,,,,,,,
Mont-la-Ville,,5491,2227,22,,,,,,,
Vernier,,6643,,25,,,,,,,
Mellingen,,4033,1902,19,,,,,,,
St. Gallen,,3203,1721,17,,,,,,,
Subingen,,2532,1106,11,,,,,,,
Arisdorf,,2821,1303,13,,,,,,,
Schattenhalb,,786,250,2,,,,,,,
Rüti bei Büren,,393,243,2,,,,,,,
Hubersdorf,,2548,1107,11,,,,,,,
Termen,,6010,2301,23,,,,,,,
Vechigen,,359,246,2,,,,,,,
Savigny,,5611,2226,22,,,,,,,
Herzogenbuchsee,,979,244,2,,,,,,,
Corcelles-près-Concise,,5555,2224,22,,,,,,,
Saint-Sulpice (VD),,5648,2229,22,,,,,,,
Tecknau,,2862,1304,13,,,,,,,
Bougy-Villars,,5426,2227,22,,,,,,,
Frenkendorf,,2824,1303,13,,,,,,,
Dietikon,,243,111,1,,,,,,,
Zetzwil,,4147,1905,19,,,,,,,
Schlossrued,,4142,1905,19,,,,,,,
Stallikon,,13,101,1,,,,,,,
Neuendorf,,2404,1101,11,,,,,,,
Strengelbach,,4285,1910,19,,,,,,,
Dizy,,5481,2227,22,,,,,,,
Biezwil,,2445,1103,11,,,,,,,
Herdern,,4811,2012,20,,,,,,,
Develier,,6712,2601,26,,,,,,,
Maisprach,,2853,1304,13,,,,,,,
Niederönz,,982,244,2,,,,,,,
Neunkirch,,2904,1401,14,,,,,,,
Schlatt (ZH),,226,110,1,,,,,,,
Fontenais,,6790,2603,26,,,,,,,
Sarnen,,1407,,6,,,,,,,
Spiringen,,1218,,4,,,,,,,
Ballwil,,1023,313,3,,,,,,,
Zollikon,,161,107,1,,,,,,,
Weisslingen,,180,108,1,,,,,,,
Villarzel,,5830,2222,22,,,,,,,
Altishofen,,1123,315,3,,,,,,,
Massongex,,6215,2310,23,,,,,,,
Bellach,,2542,1107,11,,,,,,,
Meilen,,156,107,1,,,,,,,
Wynau,,345,244,2,,,,,,,
Kreuzlingen,,4671,2013,20,,,,,,,
Buttisholz,,1083,314,3,,,,,,,
Conthey,,6023,2302,23,,,,,,,
Mergoscia,,5117,2104,21,,,,,,,
Wileroltigen,,671,246,2,,,,,,,
Lenzburg,,4201,1907,19,,,,,,,
Origlio,,5208,2105,21,,,,,,,
Lucens,,5675,2222,22,,,,,,,
Scharans,,3638,1851,18,,,,,,,
Gimel,,5428,2227,22,,,,,,,
Rüthi (SG),,3256,1723,17,,,,,,,
Visp,,6297,2313,23,,,,,,,
Cronay,,5910,2224,22,,,,,,,
Epsach,,735,243,2,,,,,,,
Rivaz,,5609,2226,22,,,,,,,
Embd,,6283,2313,23,,,,,,,
Liesberg,,2788,1302,13,,,,,,,
Verzasca,,5399,2104,21,,,,,,,
Corcelles-le-Jorat,,5785,2222,22,,,,,,,
Begnins,,5704,2228,22,,,,,,,
Granges-Paccot,,2198,1004,10,,,,,,,
Renens (VD),,5591,2229,22,,,,,,,
Lüterkofen-Ichertswil,,2455,1103,11,,,,,,,
La Grande Béroche,,6417,,24,,,,,,,
Kappel (SO),,2580,1108,11,,,,,,,
Valeyres-sous-Ursins,,5934,2224,22,,,,,,,
Le Mont-sur-Lausanne,,5587,2225,22,,,,,,,
Stein (AR),,3005,1501,15,,,,,,,
Wenslingen,,2865,1304,13,,,,,,,
Kiesen,,611,246,2,,,,,,,
Canobbio,,5167,2105,21,,,,,,,
Muralto,,5120,2104,21,,,,,,,
Wila,,181,108,1,,,,,,,
Flerden,,3662,1851,18,,,,,,,
Longirod,,5429,2228,22,,,,,,,
Wintersingen,,2866,1304,13,,,,,,,
Val-de-Travers,,6512,,24,,,,,,,
Stetten (SH),,2919,1402,14,,,,,,,
Châtonnaye,,2068,1002,10,,,,,,,
Realp,,1212,,4,,,,,,,
La Ferrière,,435,241,2,,,,,,,
Collex-Bossy,,6615,,25,,,,,,,
Walliswil bei Niederbipp,,990,244,2,,,,,,,
Sevelen,,3275,1724,17,,,,,,,
Ufhusen,,1145,315,3,,,,,,,
Kestenholz,,2403,1101,11,,,,,,,
Wängi,,4781,2014,20,,,,,,,
Walkringen,,626,246,2,,,,,,,
Cham,,1702,,9,,,,,,,
Buchberg,,2933,1403,14,,,,,,,
Oberrohrdorf,,4037,1902,19,,,,,,,
Boppelsen,,82,104,1,,,,,,,
Gisikon,,1055,312,3,,,,,,,
Safiental,,3672,1850,18,,,,,,,
Otelfingen,,94,104,1,,,,,,,
Frick,,4163,1906,19,,,,,,,
Dittingen,,2784,1302,13,,,,,,,
Binningen,,2765,1301,13,,,,,,,
Clarmont,,5629,2227,22,,,,,,,
Siselen,,499,243,2,,,,,,,
Vinzel,,5863,2228,22,,,,,,,
Fey,,5522,2223,22,,,,,,,
Pfaffnau,,1139,315,3,,,,,,,
Biel-Benken,,2764,1301,13,,,,,,,
Römerswil,,1039,313,3,,,,,,,
Knutwil,,1089,314,3,,,,,,,
Remigen,,4110,1904,19,,,,,,,
Vorderthal,,1348,505,5,,,,,,,
Maschwanden,,8,101,1,,,,,,,
Kölliken,,4276,1910,19,,,,,,,
Noville,,5408,2221,22,,,,,,,
Val de Bagnes,,6037,2303,23,,,,,,,
Lütisburg,,3393,1727,17,,,,,,,
Walchwil,,1710,,9,,,,,,,
Lancy,,6628,,25,,,,,,,
Lostallo,,3821,1847,18,,,,,,,
Oppens,,5923,2223,22,,,,,,,
St. Stephan,,793,248,2,,,,,,,
Lajoux (JU),,6750,2602,26,,,,,,,
Balerna,,5242,2106,21,,,,,,,
Birrwil,,4132,1905,19,,,,,,,
Grüningen,,116,105,1,,,,,,,
Rickenbach (TG),,4751,2014,20,,,,,,,
Studen (BE),,749,243,2,,,,,,,
Lausen,,2828,1303,13,,,,,,,
Villarsel-sur-Marly,,2230,1004,10,,,,,,,
Wollerau,,1323,503,5,,,,,,,
Erstfeld,,1206,,4,,,,,,,
Sévaz,,2043,1001,10,,,,,,,
Capriasca,,5226,2105,21,,,,,,,
Zollikofen,,361,246,2,,,,,,,
Melchnau,,333,244,2,,,,,,,
Vaulruz,,2155,1003,10,,,,,,,
Luthern,,1135,315,3,,,,,,,
Grossaffoltern,,303,243,2,,,,,,,
Surses,,3543,1841,18,,,,,,,
Le Châtelard,,2067,1002,10,,,,,,,
Waldstatt,,3007,1501,15,,,,,,,
Kilchberg (BL),,2851,1304,13,,,,,,,
Buchs (ZH),,83,104,1,,,,,,,
Montricher,,5492,2227,22,,,,,,,
Thalwil,,141,106,1,,,,,,,
Wilderswil,,594,250,2,,,,,,,
Fislisbach,,4027,1902,19,,,,,,,
Hombrechtikon,,153,107,1,,,,,,,
Lavigny,,5637,2227,22,,,,,,,
Buchholterberg,,923,247,2,,,,,,,
Wassen,,1220,,4,,,,,,,
Däniken,,2572,1108,11,,,,,,,
Neuenhof,,4034,1902,19,,,,,,,
Wallbach,,4261,1909,19,,,,,,,
Breil/Brigels,,3981,1850,18,,,,,,,
Trélex,,5730,2228,22,,,,,,,
Goumoëns,,5541,2223,22,,,,,,,
Zeglingen,,2868,1304,13,,,,,,,
Treiten,,500,243,2,,,,,,,
Corbeyrier,,5404,2221,22,,,,,,,
Duillier,,5715,2228,22,,,,,,,
Tägerig,,4077,1903,19,,,,,,,
Dättlikon,,215,110,1,,,,,,,
Aarberg,,301,243,2,,,,,,,
Holderbank (AG),,4199,1907,19,,,,,,,
Eptingen,,2885,1305,13,,,,,,,
Schiers,,3962,1849,18,,,,,,,
Langendorf,,2550,1107,11,,,,,,,
Penthaz,,5496,2223,22,,,,,,,
Dielsdorf,,86,104,1,,,,,,,
Wolhusen,,1107,316,3,,,,,,,
Laupersdorf,,2426,1102,11,,,,,,,
Schluein,,3582,1850,18,,,,,,,
Ittigen,,362,246,2,,,,,,,
Därligen,,575,250,2,,,,,,,
Wittinsburg,,2867,1304,13,,,,,,,
Birsfelden,,2766,1301,13,,,,,,,
Bettmeralp,,6205,2309,23,,,,,,,
Cevio,,5310,2108,21,,,,,,,
Baltschieder,,6281,2313,23,,,,,,,
Röthenbach im Emmental,,904,245,2,,,,,,,
Maur,,195,109,1,,,,,,,
Grimisuat,,6263,2312,23,,,,,,,
Füllinsdorf,,2825,1303,13,,,,,,,
Weiningen (ZH),,251,111,1,,,,,,,
Wangen bei Olten,,2586,1108,11,,,,,,,
Lauwil,,2889,1305,13,,,,,,,
Schmitten (GR),,3514,1841,18,,,,,,,
Bregaglia,,3792,1846,18,,,,,,,
Luzern,,1061,311,3,,,,,,,
Corseaux,,5883,2230,22,,,,,,,
Lully (VD),,5639,2227,22,,,,,,,
Treycovagnes,,5931,2224,22,,,,,,,
Muri bei Bern,,356,246,2,,,,,,,
Oberried am Brienzersee,,589,250,2,,,,,,,
Riaz,,2148,1003,10,,,,,,,
Brugg,,4095,1904,19,,,,,,,
Hitzkirch,,1030,313,3,,,,,,,
Heiden,,3032,1503,15,,,,,,,
Fläsch,,3951,1845,18,,,,,,,
Saules (BE),,707,241,2,,,,,,,
Ballens,,5423,2227,22,,,,,,,
Urnäsch,,3006,1501,15,,,,,,,
Rüdlingen,,2938,1403,14,,,,,,,
Entlebuch,,1002,316,3,,,,,,,
La Punt Chamues-ch,,3785,1846,18,,,,,,,
Montagny (FR),,2029,1001,10,,,,,,,
Rüderswil,,905,245,2,,,,,,,
St. Margrethen,,3236,1723,17,,,,,,,
Altnau,,4641,2013,20,,,,,,,
Schafisheim,,4207,1907,19,,,,,,,
Gordola,,5108,2104,21,,,,,,,
Vaz/Obervaz,,3506,1841,18,,,,,,,
Sierre,,6248,2311,23,,,,,,,
Zuchwil,,2534,1106,11,,,,,,,
Ederswiler,,6713,2601,26,,,,,,,
Jaberg,,868,246,2,,,,,,,
Ziefen,,2834,1303,13,,,,,,,
Vufflens-la-Ville,,5503,2223,22,,,,,,,
Chavannes-près-Renens,,5627,2229,22,,,,,,,
Saint-Aubin (FR),,2041,1001,10,,,,,,,
Saas-Fee,,6290,2313,23,,,,,,,
Büsserach,,2614,1110,11,,,,,,,
Reute (AR),,3035,1503,15,,,,,,,
Riehen,,2703,,12,,,,,,,
Egliswil,,4195,1907,19,,,,,,,
Kradolf-Schönenberg,,4501,2015,20,,,,,,,
Krauchthal,,414,245,2,,,,,,,
Boltigen,,791,248,2,,,,,,,
Suhr,,4012,1901,19,,,,,,,
Founex,,5717,2228,22,,,,,,,
Bussnang,,4921,2015,20,,,,,,,
Mex (VD),,5489,2223,22,,,,,,,
Scheuren,,747,242,2,,,,,,,
Affoltern im Emmental,,951,245,2,,,,,,,
Kernenried,,411,245,2,,,,,,,
Mirchel,,615,246,2,,,,,,,
Romont (FR),,2096,1002,10,,,,,,,
Berneck,,3233,1723,17,,,,,,,
Muriaux,,6753,2602,26,,,,,,,
Ochlenberg,,985,244,2,,,,,,,
Forst-Längenbühl,,948,247,2,,,,,,,
St. Niklaus,,6292,2313,23,,,,,,,
Eclépens,,5482,2227,22,,,,,,,
Buus,,2844,1304,13,,,,,,,
Uster,,198,109,1,,,,,,,
Wettswil am Albis,,14,101,1,,,,,,,
Unterägeri,,1709,,9,,,,,,,
Auw,,4223,1908,19,,,,,,,
Alchenstorf,,402,245,2,,,,,,,
Kappelen,,305,243,2,,,,,,,
Echallens,,5518,2223,22,,,,,,,
Nunningen,,2621,1110,11,,,,,,,
Birmenstorf (AG),,4024,1902,19,,,,,,,
Savosa,,5221,2105,21,,,,,,,
Villeneuve (VD),,5414,2221,22,,,,,,,
Saignelégier,,6757,2602,26,,,,,,,
Evionnaz,,6213,2310,23,,,,,,,
Balgach,,3232,1723,17,,,,,,,
Altendorf,,1341,505,5,,,,,,,
Elgg,,294,110,1,,,,,,,
Landquart,,3955,1845,18,,,,,,,
Perroy,,5860,2228,22,,,,,,,
Altbüron,,1122,315,3,,,,,,,
Augst,,2822,1303,13,,,,,,,
Allaman,,5851,2227,22,,,,,,,
Menznau,,1136,315,3,,,,,,,
Zürich,,261,112,1,,,,,,,
Wattwil,,3379,1727,17,,,,,,,
San Vittore,,3835,1847,18,,,,,,,
Bonstetten,,3,101,1,,,,,,,
Laufen,,2787,1302,13,,,,,,,
Sagogn,,3581,1850,18,,,,,,,
Salvan,,6218,2310,23,,,,,,,
Gipf-Oberfrick,,4165,1906,19,,,,,,,
Wildhaus-Alt St. Johann,,3359,1727,17,,,,,,,
Bargen (SH),,2931,1403,14,,,,,,,
Solothurn,,2601,1109,11,,,,,,,
Häfelfingen,,2847,1304,13,,,,,,,
Kallern,,4233,1908,19,,,,,,,
Fräschels,,2258,1005,10,,,,,,,
Grandvillard,,2134,1003,10,,,,,,,
Rümlang,,97,104,1,,,,,,,
Fahrwangen,,4196,1907,19,,,,,,,
Au (SG),,3231,1723,17,,,,,,,
Mönchaltorf,,196,109,1,,,,,,,
Zillis-Reischen,,3712,1851,18,,,,,,,
Wiler (Lötschen),,6202,2309,23,,,,,,,
Dällikon,,84,104,1,,,,,,,
Hochfelden,,59,103,1,,,,,,,
Bois-d'Amont,1683265,2238,1004,10,0.9995174039387725,0.0025745324175307466,12.204,0.04827063250151814,12281325.784508966,12281009.597795341,MultiPolygon
Ostermundigen,,363,246,2,,,,,,,
Bossonnens,,2323,1007,10,,,,,,,
Hendschiken,,4198,1907,19,,,,,,,
Bogis-Bossey,,5705,2228,22,,,,,,,
Comano,,5176,2105,21,,,,,,,
Champagne,,5553,2224,22,,,,,,,
Schlieren,,247,111,1,,,,,,,
Belmont-sur-Yverdon,,5902,2224,22,,,,,,,
Full-Reuenthal,,4307,1911,19,,,,,,,
Fahy,,6789,2603,26,,,,,,,
Thunstetten,,342,244,2,,,,,,,
Malans,,3954,1845,18,,,,,,,
Saxeten,,591,250,2,,,,,,,
Guggisberg,,852,246,2,,,,,,,
Saint-Saphorin (Lavaux),,5610,2226,22,,,,,,,
Brügg,,733,242,2,,,,,,,
Lupsingen,,2830,1303,13,,,,,,,
Massagno,,5196,2105,21,,,,,,,
Niederlenz,,4204,1907,19,,,,,,,
Romanel-sur-Lausanne,,5592,2225,22,,,,,,,
Grub (AR),,3031,1503,15,,,,,,,
Oberiberg,,1368,506,5,,,,,,,
Diessbach bei Büren,,385,243,2,,,,,,,
Kilchberg (ZH),,135,106,1,,,,,,,
Neuenegg,,670,246,2,,,,,,,
Botterens,,2123,1003,10,,,,,,,
Regensdorf,,96,104,1,,,,,,,
Münchenbuchsee,,546,246,2,,,,,,,
Eich,,1084,314,3,,,,,,,
Interlaken,,581,250,2,,,,,,,
Villars-le-Comte,,5690,2222,22,,,,,,,
Guttannen,,782,250,2,,,,,,,
Mattstetten,,543,246,2,,,,,,,
Flurlingen,,29,102,1,,,,,,,
Pfeffingen,,2772,1301,13,,,,,,,
Valbroye,,5831,2222,22,,,,,,,
Münchenwiler,,669,246,2,,,,,,,
Muolen,,3202,1721,17,,,,,,,
Aarau,,4001,1901,19,,,,,,,
Yvorne,,5415,2221,22,,,,,,,
Bettingen,,2702,,12,,,,,,,
Brig-Glis,,6002,2301,23,,,,,,,
Gruyères,,2135,1003,10,,,,,,,
Domat/Ems,,3722,1844,18,,,,,,,
Monteceneri,,5238,2105,21,,,,,,,
Menziken,,4139,1905,19,,,,,,,
Flühli,,1004,316,3,,,,,,,
Obergerlafingen,,2528,1106,11,,,,,,,
Meiringen,,785,250,2,,,,,,,
Tägerwilen,,4696,2013,20,,,,,,,
Rümlingen,,2859,1304,13,,,,,,,
Lema,,5395,2105,21,,,,,,,
Zernez,,3746,1843,18,,,,,,,
La Chaux (Cossonay),,5474,2227,22,,,,,,,
Ecublens (VD),,5635,2229,22,,,,,,,
Kandersteg,,565,249,2,,,,,,,
Montagny-près-Yverdon,,5922,2224,22,,,,,,,
Niederhasli,,90,104,1,,,,,,,
Gelterkinden,,2846,1304,13,,,,,,,
Morcote,,5203,2105,21,,,,,,,
Brünisried,,2292,1006,10,,,,,,,
Perly-Certoux,,6632,,25,,,,,,,
Villorsonnens,,2114,1002,10,,,,,,,
Eglisau,,55,103,1,,,,,,,
Brot-Plamboz,,6433,,24,,,,,,,
Gibloux,,2236,1004,10,,,,,,,
Täuffelen,,751,243,2,,,,,,,
Kirchberg (BE),,412,245,2,,,,,,,
Böckten,,2842,1304,13,,,,,,,
Tartegnin,,5862,2228,22,,,,,,,
Les Verrières,,6511,,24,,,,,,,
Gurmels,,2262,1005,10,,,,,,,
Neunforn,,4601,2012,20,,,,,,,
Untersiggenthal,,4044,1902,19,,,,,,,
Val-de-Charmey,,2163,1003,10,,,,,,,
Cuarnens,,5479,2227,22,,,,,,,
Courgevaux,,2250,1005,10,,,,,,,
Obfelden,,10,101,1,,,,,,,
Gurtnellen,,1209,,4,,,,,,,
Dorf,,26,102,1,,,,,,,
Luzein,,3891,1849,18,,,,,,,
Uzwil,,3408,1728,17,,,,,,,
Concise,,5554,2224,22,,,,,,,
Merzligen,,741,243,2,,,,,,,
Châtillon (FR),,2008,1001,10,,,,,,,
Därstetten,,761,249,2,,,,,,,
Beggingen,,2951,1404,14,,,,,,,
Sufers,,3695,1851,18,,,,,,,
Frauenfeld,,4566,2012,20,,,,,,,
Autigny,,2173,1004,10,,,,,,,
Büttenhardt,,2914,1402,14,,,,,,,
Le Chenit,,5872,2224,22,,,,,,,
Grono,,3832,1847,18,,,,,,,
Tenero-Contra,,5131,2104,21,,,,,,,
Untereggen,,3219,1722,17,,,,,,,
Trey,,5827,2222,22,,,,,,,
Gingins,,5719,2228,22,,,,,,,
Grächen,,6285,2313,23,,,,,,,
Allschwil,,2762,1301,13,,,,,,,
Saicourt,,706,241,2,,,,,,,
Crissier,,5583,2229,22,,,,,,,
Gerlafingen,,2519,1106,11,,,,,,,
St. Silvester,,2303,1006,10,,,,,,,
Biel/Bienne,,371,242,2,,,,,,,
Schüpfen,,311,243,2,,,,,,,
La Roche,,2149,1003,10,,,,,,,
Varen,,6116,2306,23,,,,,,,
Seedorf (BE),,312,243,2,,,,,,,
Les Clées,,5750,2224,22,,,,,,,
Muhen,,4009,1901,19,,,,,,,
Dübendorf,,191,109,1,,,,,,,
Massonnens,,2086,1002,10,,,,,,,
Vugelles-La Mothe,,5937,2224,22,,,,,,,
Montanaire,,5693,2223,22,,,,,,,
Ilanz/Glion,,3619,1850,18,,,,,,,
Wikon,,1147,315,3,,,,,,,
Bargen (BE),,302,243,2,,,,,,,
Dinhard,,216,110,1,,,,,,,
Thônex,,6640,,25,,,,,,,
Bellmund,,732,242,2,,,,,,,
Rebévelier,,715,241,2,,,,,,,
Cadenazzo,,5003,2101,21,,,,,,,
Châtillon (JU),,6704,2601,26,,,,,,,
Rodersdorf,,2479,1104,11,,,,,,,
Vulliens,,5803,2222,22,,,,,,,
Biberstein,,4002,1901,19,,,,,,,
Val-d'Illiez,,6157,2308,23,,,,,,,
Pfyn,,4841,2012,20,,,,,,,
Bottmingen,,2767,1301,13,,,,,,,
